事件id,文本id,文本类型（0-怪谈文本、1-对话文本）,文本内容,下一个文本id,图片资源id,,,,,,,,,,,,,,,,
20011,1,1,盛大的魔术剧院空无一人，一位魔术师穿着满是血污的礼服站在舞台的正中央，舞台上堆满了毛绒玩偶的残肢断臂。,2,0300,,,,,,,,,,,,,,,,
20011,2,1,他像是蜡像一样一动不动的站着，直到你靠近。,3,0300,,,,,,,,,,,,,,,,
20011,3,0,“亲爱的女士们先生们，盛大的魔术表演即将开始！”,4,0300,,,,,,,,,,,,,,,,
20011,4,1,魔术师的声音仿佛从空中传来，身体则一动不动。,5,0300,,,,,,,,,,,,,,,,
20011,5,1,欢快的音乐响了起来，空空荡荡的观众席掌声雷动。,6,0300,,,,,,,,,,,,,,,,
20011,6,1,“我们今天有幸邀请到一位特殊嘉宾，让我们以最热烈的欢迎请他上场。”,7,0300,,,,,,,,,,,,,,,,
20011,7,0,你似乎感觉到魔术师空洞的眼神看向了你，周围也有无数的视线转向你。,0,0301,,,,,,,,,,,,,,,,
20012,1,1,你鬼使神差的走上了舞台，魔术师蜡像突然动了起来。,2,0301,,,,,,,,,,,,,,,,
20012,2,1,在他的示意下你完成了数个魔术表演，剧场中多次传来一阵阵的掌声。,3,0301,,,,,,,,,,,,,,,,
20012,3,1,最后，几个用于表演的玩偶在空中炸裂，飘飘扬扬的棉絮撒了你一身。,4,0301,,,,,,,,,,,,,,,,
20012,4,1,剧场内外充满了欢乐的气息。,0,0302,,,,,,,,,,,,,,,,
20013,1,1,诡异，太诡异了.........,2,0302,,,,,,,,,,,,,,,,
20013,2,1,你残留的直觉告诉你这里可不是什么好地方。,3,0302,,,,,,,,,,,,,,,,
20013,3,1,当你越走越远，空空落落的剧场传来一阵嘘声。,4,0302,,,,,,,,,,,,,,,,
20013,4,1,魔术师蜡像一般的脸则一直对着你笑。,0,0302,,,,,,,,,,,,,,,,
20021,1,1,一块红布隔绝了观众和表演者，通过影子可以看出，一个表演者举着剑，似乎想要从上往下的塞进嘴里。,2,0400,,,,,,,,,,,,,,,,
20021,2,1,“走过路过不要错过，这是鄙人的家传绝学，口吞宝剑！”,3,0400,,,,,,,,,,,,,,,,
20021,3,1,唢呐和铜锣的声音此起彼伏，沉闷的鼓点一下一下的敲击着心灵。,4,0400,,,,,,,,,,,,,,,,
20021,4,1,宝剑的剑尖逐渐深入影子的嘴里，每深入一点，唢呐变激昂一分。,5,0400,,,,,,,,,,,,,,,,
20021,5,1,突然，表演者的影子开始剧烈晃动，手双手离开宝剑，张牙舞爪的在空中乱抓。,6,0400,,,,,,,,,,,,,,,,
20021,6,0,然而宝剑依旧朝着表演者的体内深入，像是有一双手把宝剑朝着表演者的嘴里插。,7,0400,,,,,,,,,,,,,,,,
20021,7,1,表演者的挣扎逐渐无力，在一声响亮的铜锣声后，他倒在了地上。,8,0400,,,,,,,,,,,,,,,,
20021,8,1,红布地下流淌出了绿色的液体，宝剑的剑柄露了出来。,0,0400,,,,,,,,,,,,,,,,
20022,1,1,你鼓起勇气揭开幕布，在地上只有一个倒下的木头人，木头人嘴里的也是一把木剑。,2,0401,,,,,,,,,,,,,,,,
20022,2,1,你尝试着把宝剑拔出来，但是拔出来以后发现这只是一把普通的木剑罢了。,3,0401,,,,,,,,,,,,,,,,
20022,3,1,此事平平无奇。,0,0401,,,,,,,,,,,,,,,,
20023,1,1,你隔着幕布拔出了宝剑，这是一把闪耀着银光的银剑。,2,0402,,,,,,,,,,,,,,,,
20023,2,1,剑身上刻画着漂亮的花纹，美中不足的是上面沾染了一大片绿色的液体。,3,0402,,,,,,,,,,,,,,,,
20023,3,1,你试着擦了擦，它像是会流血一样流出了绿色的液体。,4,0402,,,,,,,,,,,,,,,,
20023,4,1,再回头揭开幕布，幕布后倒下的人影已消失不见。,0,0402,,,,,,,,,,,,,,,,
20024,1,1,幕布后的大概率不是人类，但是你依旧没有勇气查看幕布后发生了什么。,2,0403,,,,,,,,,,,,,,,,
20024,2,1,不管怎么样，距离这些奇奇怪怪的东西远一点总没有坏处。,0,0403,,,,,,,,,,,,,,,,
20031,1,1,两个巨大的黑白立柱之间用血痕刻画着一个巨大的六芒星法阵。,2,0500,,,,,,,,,,,,,,,,
20031,2,1,法阵的六角摆放着许多燃烧的蜡烛，跳动着蓝色的火焰，散发着妖异的气息。,3,0500,,,,,,,,,,,,,,,,
20031,3,1,法阵的中央站着一个看不清脸的女子，向你发出了邀请。,4,0500,,,,,,,,,,,,,,,,
20031,4,0,“和我一起探索宇宙的奥秘吧！”,5,0500,,,,,,,,,,,,,,,,
20031,5,1,她如此邀请到。,0,0500,,,,,,,,,,,,,,,,
20032,1,1,为什么不呢？说不定会召唤出来什么有意思的东西。,2,0501,,,,,,,,,,,,,,,,
20032,2,1,你和看不清脸的女子一同完成了仪式，然而什么都没有发生。,3,0501,,,,,,,,,,,,,,,,
20032,3,1,“谢谢你，这个送给你！”,4,0501,,,,,,,,,,,,,,,,
20032,4,1,她递过来了一根蜡烛。,5,0501,,,,,,,,,,,,,,,,
20032,5,1,就在你感觉莫名其妙的时候，你发现了从女子裙角中缩回去的触手。,0,0501,,,,,,,,,,,,,,,,
20033,1,1,召唤？为什么要召唤，你又要召唤谁？,2,0502,,,,,,,,,,,,,,,,
20033,2,1,越看这个女子越感觉可疑，曾经自己就处理过多次非法召唤古神的事件。,3,0502,,,,,,,,,,,,,,,,
20033,3,1,为了避免不必要的麻烦，你拒绝了女子的邀请。,4,0502,,,,,,,,,,,,,,,,
20033,4,1,她有一些失落，但是还是朝你挥手告别。,0,0502,,,,,,,,,,,,,,,,
20034,1,1,虽然不知道这个仪式是在召唤什么，但是直觉告诉你这很危险。,2,0503,,,,,,,,,,,,,,,,
20034,2,1,必须要阻止仪式，你如此想到。,3,0503,,,,,,,,,,,,,,,,
20034,3,1,当你踢翻蜡烛的时候，女子先是愣了一下，随即咆哮着向你冲来。,4,0503,,,,,,,,,,,,,,,,
20034,4,1,“狂妄的异教徒，拉莱耶之主会给予你教诲！”,0,0503,,,,,,,,,,,,,,,,
20041,1,1, 一个画家面对着一片美丽的草地写写画画，然而他的眼睛是被布蒙起来的。,2,0600,,,,,,,,,,,,,,,,
20041,2,1, “你看到面前这片草地了吗？你觉得这里怎么样？”,3,0600,,,,,,,,,,,,,,,,
20041,3,1, “很美丽，先生。”你如是说道。,4,0600,,,,,,,,,,,,,,,,
20041,4,1, “不，这里并不美丽，这里是罪恶的战场，是小偷分赃的库房，是酒鬼安身的地方。”,5,0600,,,,,,,,,,,,,,,,
20041,5,0, 你看向了他的画，他画的并不是草地，而是扭曲的暗红色颜料块，令人看得头晕。,6,0600,,,,,,,,,,,,,,,,
20041,6,1, “你只看到了这里的美丽，就算我瞎了，我也看到了一切的罪恶。”,7,0600,,,,,,,,,,,,,,,,
20041,7,1, 他似乎有一些洋洋自得，昂起头问到。,8,0600,,,,,,,,,,,,,,,,
20041,8,1, “我专注于这些丑恶，然后把他们画下来，就算隐藏的再好也会被我发现。”,9,0600,,,,,,,,,,,,,,,,
20041,9,1, “这才是这片草坪的真面目，你觉得我的画怎么样？”,0,0600,,,,,,,,,,,,,,,,
20042,1,1,“草坪固然美丽，然而如果没有人指出它的丑陋，那么它的完美也没有那么完美。”,2,0601,,,,,,,,,,,,,,,,
20042,2,1,画家听了你的回答哈哈大笑，递给你一支笔。,3,0601,,,,,,,,,,,,,,,,
20042,3,1,“那么，就将我延续下去吧。”,0,0601,,,,,,,,,,,,,,,,
20043,1,1,“无故的吹毛求疵只会掩盖美丽，丑恶以寻找丑恶为目的只能掩饰自己的虚伪。”,2,0602,,,,,,,,,,,,,,,,
20043,2,1,画家听完后愤怒的将笔扔在地上，气急败坏的大骂。,3,0602,,,,,,,,,,,,,,,,
20043,3,1,“难道草坪的问题就不存在吗！我是为了拓展看待事物的视角，我有什么错！”,4,0602,,,,,,,,,,,,,,,,
20043,4,1,画家大吼着朝你重来，但是他的身体慢慢瓦解，最终变成了碎成一地的土块。,0,0602,,,,,,,,,,,,,,,,
20051,1,1,富丽堂皇的宴会厅内人头攒动 ，桌子上摆满了丰富的晚宴。,2,0700,,,,,,,,,,,,,,,,
20051,2,0,这似乎是一场庆祝丰收的聚会，人们放肆的吃喝。,3,0700,,,,,,,,,,,,,,,,
20051,3,1,在桌面上有丰盛的素菜，而荤菜有烤羊肉，烤羊肉，烤羊肉......,4,0700,,,,,,,,,,,,,,,,
20051,4,1,此时，一个人朝你发出了邀请，你咽了咽口水。,0,0700,,,,,,,,,,,,,,,,
20052,1,1,一顿丰富的免费晚宴，为什么不呢？,2,0700,,,,,,,,,,,,,,,,
20052,2,1,你愉快的和大家享用了晚宴，身体的疲惫一扫而空。,3,0700,,,,,,,,,,,,,,,,
20052,3,1,但是不知道是不是喝多了，感觉头疼欲裂。,0,0700,,,,,,,,,,,,,,,,
20053,1,1,不接受陌生人的食物永远是好的美德。,2,0700,,,,,,,,,,,,,,,,
20053,2,1,你想起了现实中因为乱吃陌生人的东西而丢了腰子的可怜虫。,3,0700,,,,,,,,,,,,,,,,
20053,3,1,美食很好吃，那么代价是什么呢？,4,0700,,,,,,,,,,,,,,,,
20053,4,1,你婉拒了邀请。,0,0700,,,,,,,,,,,,,,,,
20054,1,1,虽然这场晚宴非常可疑，但是架不住主人的热情。,2,0700,,,,,,,,,,,,,,,,
20054,2,1,于是主人帮你打包了一份餐食。,3,0700,,,,,,,,,,,,,,,,
20054,3,1,吃下去以后肚子暖暖的，身体的疲惫减轻不少。,4,0700,,,,,,,,,,,,,,,,
20054,4,1,就在你快吃完的时候，似乎吃到了什么硬物。,5,0700,,,,,,,,,,,,,,,,
20054,5,1,吐出来以后发现是一个戒指。,0,0700,,,,,,,,,,,,,,,,
20061,1,1,一个脏兮兮的老妇人抱着一个陶罐朝着你颤颤巍巍的走来。,2,0800,,,,,,,,,,,,,,,,
20061,2,1,“年轻人，你看到我儿子了吗？他和你差不多大，长这个样子。”,3,0800,,,,,,,,,,,,,,,,
20061,3,1,她开始描述自己儿子的样子，但是她描述的特征相互矛盾。,4,0800,,,,,,,,,,,,,,,,
20061,4,0,又高又胖，又矮又瘦，黑白相间，左右相反......,5,0800,,,,,,,,,,,,,,,,
20061,5,1,她突然停止了混乱的描述，举起罐子对你说道。,6,0800,,,,,,,,,,,,,,,,
20061,6,1,“你可以帮我看看，我儿子在里面吗？”,0,0800,,,,,,,,,,,,,,,,
20062,1,1,你往罐子里看了一眼，罐子里空空如也。,2,0800,,,,,,,,,,,,,,,,
20062,2,1,“里面什么也没有，夫人。”,3,0800,,,,,,,,,,,,,,,,
20062,3,1,老妇人的眼神再次萎靡下去，朝你弯腰致谢。,4,0800,,,,,,,,,,,,,,,,
20062,4,1,“谢谢你，如果看到了我儿子，请让他早点回家....”,0,0800,,,,,,,,,,,,,,,,
20063,1,1,罐子里是什么谁也不知道，长期做调查员的经验告诉你。,2,0800,,,,,,,,,,,,,,,,
20063,2,1,最好不要往里看。,3,0800,,,,,,,,,,,,,,,,
20063,3,1,“夫人，我还有急事我先走了。”,4,0800,,,,,,,,,,,,,,,,
20063,4,1,你快步离开，留下老人愣在原地。,0,0800,,,,,,,,,,,,,,,,
20071,1,1,面前是一盘巨大的国际象棋，每一个棋子都和你一样大小。,2,0900,,,,,,,,,,,,,,,,
20071,2,1,黑色的国王说道：“白色国王昏晕无能，面对国外强敌不敢重拳出击！退让会让敌人得寸进尺，我会结束他的统治！”,3,0900,,,,,,,,,,,,,,,,
20071,3,1,白色的过往说道：“黑色国王穷兵黩武，盲目追求物理扩张而不关注国家治理，丝毫不关注战争对人民的伤害，我将结束他的统治。”,4,0900,,,,,,,,,,,,,,,,
20071,4,1,双方国王请求你的帮助，希望你帮助他来战胜敌人。,0,0900,,,,,,,,,,,,,,,,
20072,1,1,白国王倒下了，黑国王为了感谢你的帮助，给予了你一枚白色棋子。,0,0901,,,,,,,,,,,,,,,,
20073,1,1,黑国王倒下了，白国王为了感谢你的帮助，给予了你一枚黑色棋子。,0,0902,,,,,,,,,,,,,,,,
20074,1,1,双方的国王力竭而倒，谁也没有胜利。,2,0903,,,,,,,,,,,,,,,,
20074,2,1,而你看了一场精彩的好戏，从他们的战争中你学到了不少东西。,0,0903,,,,,,,,,,,,,,,,
20081,1,1,一个肥胖的贵族坐在自己由金币堆成的王座上。,2,1000,,,,,,,,,,,,,,,,
20081,2,1,你的到来似乎引起了他的警惕。,3,1000,,,,,,,,,,,,,,,,
20081,3,1,“嘿！乡巴佬，你来干什么？”,4,1000,,,,,,,,,,,,,,,,
20081,4,0,“一看你就不知道我是谁，我可是圣罗骑士团团长！这些都是我用军功换的。”,5,1000,,,,,,,,,,,,,,,,
20081,5,1,“如果你不想被我打进医院，就离我的金币远一点！”,0,1000,,,,,,,,,,,,,,,,
20082,1,1,肥胖的贵族面带惊恐，脸上的横肉颤抖着大叫。,2,1000,,,,,,,,,,,,,,,,
20082,2,1,“没有人！没有人能拿走我的金币。”,3,1000,,,,,,,,,,,,,,,,
20082,3,1,他一边说着，一边艰难的挪动身体，想要数金币的数量。,4,1000,,,,,,,,,,,,,,,,
20082,4,1,突然他灵光一闪，好像想起了什么。,5,1000,,,,,,,,,,,,,,,,
20082,5,1,“只要我把金币都吃下去，就没有人能拿走我的金币！”,6,1000,,,,,,,,,,,,,,,,
20082,6,1,他一边说着，一边疯狂的吞噬着身边的金币，而他的身体也在不断膨胀。,7,1000,,,,,,,,,,,,,,,,
20082,7,1,终于，伴随着一阵爆炸声，他的身体瓦解成金币炸裂开。,8,1000,,,,,,,,,,,,,,,,
20082,8,1,无数的金币砸在了你身上，你顺手拿了一个放进了口袋里。,0,1000,,,,,,,,,,,,,,,,
20083,1,1,你随手拿起一枚金币砸向贵族。,2,1000,,,,,,,,,,,,,,,,
20083,2,1,他下意识的闪躲，却因为肥胖的身体重心不稳，从高高的金币堆上摔了下来。,3,1000,,,,,,,,,,,,,,,,
20083,3,1,一路上他不断地发出如同杀猪般的嚎叫，滚到你面前的时候已经变成了一摊带血的肉团。,4,1000,,,,,,,,,,,,,,,,
20083,4,1,“骑士团长不过如此。”,0,1000,,,,,,,,,,,,,,,,
20091,1,1,一座古老的教堂矗立在荒凉的山顶，钟声在寂静的夜晚回荡。,2,1100,,,,,,,,,,,,,,,,
20091,2,1,你朝着那个教堂走去，却发现一直走不到哪里，无论走多久，那个教堂还是那么远。,3,1100,,,,,,,,,,,,,,,,
20091,3,1,你准备返回，但是无论怎么走，你总会走到那个看到教堂的位置。,4,1100,,,,,,,,,,,,,,,,
20091,4,1,这时，一个老人朝你走来，声成自己可以带你出去。,5,1100,,,,,,,,,,,,,,,,
20091,5,0,“先要出去有两个办法。”,6,1100,,,,,,,,,,,,,,,,
20091,6,0,“静静地聆听钟声直到消失。”,7,1100,,,,,,,,,,,,,,,,
20091,7,0,“或者你可以尝试继续前往教堂，哪里有宇宙中终点的答案。”,0,1100,,,,,,,,,,,,,,,,
20092,1,1,钟声逐渐变成无数声音在耳边低语。,2,1100,,,,,,,,,,,,,,,,
20092,2,1,你感到自己的意识逐渐模糊，身体开始不受控制地颤抖。,3,1100,,,,,,,,,,,,,,,,
20092,3,1,逐渐，声音安静下来，你睁眼发现自己停留在原地，有点头疼。,4,1100,,,,,,,,,,,,,,,,
20092,4,1,但是老人消失了，教堂也消失了。,0,1100,,,,,,,,,,,,,,,,
20093,1,1,你决定继续前往教堂，老人则停在原地。,2,1100,,,,,,,,,,,,,,,,
20093,2,1,一遍一遍的不停重复这段经历，你开始感觉麻木，感觉自己走进了虚空。,3,1100,,,,,,,,,,,,,,,,
20093,3,1,一切都好像失去了意义......,4,1100,,,,,,,,,,,,,,,,
20093,4,1,突然踩空，从云端坠落，你猛然坐起身，身体还停留在原地。,5,1100,,,,,,,,,,,,,,,,
20093,5,1,老人不见了，教堂也不见了，一切都恢复了正常。,6,1100,,,,,,,,,,,,,,,,
20093,6,1,“虔诚的朝圣者，请收下神明的馈赠。”,0,1100,,,,,,,,,,,,,,,,
20094,1,1,你觉得一个突然出现的老人及其可疑,2,1100,,,,,,,,,,,,,,,,
20094,2,1,这种情况下，这个幻境八成就是老人的杰作。,3,1100,,,,,,,,,,,,,,,,
20094,3,1,乘着老人不注意，你想要攻击老人，结果却扑了一个空。,4,1100,,,,,,,,,,,,,,,,
20094,4,1,爬起身来，老人不见了，教堂也不见了，仿佛一切从未发生。,0,1100,,,,,,,,,,,,,,,,
20101,1,0,前方的喷泉传来一阵腐臭的气息，周围的人围绕着喷泉载歌载舞。,2,1200,,,,,,,,,,,,,,,,
20101,2,1,喷泉的水是黑色的，看不到底。,3,1200,,,,,,,,,,,,,,,,
20101,3,1,人们说，只要往喷泉里投入硬币就可以获得神明的眷顾。,0,1200,,,,,,,,,,,,,,,,
20102,1,1,硬币沉入水中，但是听不到落地的脆响。,2,1200,,,,,,,,,,,,,,,,
20102,2,1,只听到一阵令人牙酸的金属摩擦声，像是有什么东西在咀嚼。,3,1200,,,,,,,,,,,,,,,,
20102,3,1,周围的人也发出癫狂的大笑，仿佛是他们也获得了硬币。,4,1200,,,,,,,,,,,,,,,,
20102,4,1,喷泉的几滴黑水溅射在了你的身上。,0,1200,,,,,,,,,,,,,,,,
20103,1,1,这些人面容癫狂，已经不像是正常人类了。,2,1200,,,,,,,,,,,,,,,,
20103,2,1,于是你决定离开，并且远远的观察。,3,1200,,,,,,,,,,,,,,,,
20103,3,1,那些人不再跳舞，反而像是木偶一样停了下来。,4,1200,,,,,,,,,,,,,,,,
20103,4,1,过了一会，一个人突然转身，跳进了喷泉里，静静地消失了....,0,1200,,,,,,,,,,,,,,,,
20111,1,1,前方出现了一座古宅的堂屋，从中传来了锣鼓唢呐之声。,2,1300,,,,,,,,,,,,,,,,
20111,2,1,红色的灯笼高高挂起，屋子的正中央生长着大大的囍。,3,1300,,,,,,,,,,,,,,,,
20111,3,1,在堂屋之中伫立着许多带着阴森微笑的纸人，就连屋顶上也弹出来几个脑袋。,4,1300,,,,,,,,,,,,,,,,
20111,4,0,在他们中间有一个打扮华丽的新娘带着红盖头，跪在堂屋的中间。,5,1300,,,,,,,,,,,,,,,,
20111,5,1,“新郎官来了，快点来拜堂吧！”,6,1300,,,,,,,,,,,,,,,,
20111,6,1,一个纸人如是说道。,0,1300,,,,,,,,,,,,,,,,
20112,1,1,“一拜天地！”纸人嘹亮的声音喊道。,2,1300,,,,,,,,,,,,,,,,
20112,2,1,“二拜高堂！”你和新娘对着空荡荡的两把椅子拜了下去。,3,1300,,,,,,,,,,,,,,,,
20112,3,1,“夫妻对拜！”,4,1300,,,,,,,,,,,,,,,,
20112,4,1,你和陌生的新娘面对面，不安的气息充斥在你心中，你感觉旁边的“囍”在微微颤动着。,5,1300,,,,,,,,,,,,,,,,
20112,5,1,新娘轻轻的抓住了你的手，在你手上写了什么。,6,1300,,,,,,,,,,,,,,,,
20112,6,1,你不受控制的和新娘对拜，等到再起来的时候发现新娘消失不见，身边的囍变成了盘根错节的大树。,7,1300,,,,,,,,,,,,,,,,
20112,7,1,树下是一个小小的墓碑，和散的七零八落的纸人。,8,1300,,,,,,,,,,,,,,,,
20112,8,1,而在手上写着三个字。,9,1300,,,,,,,,,,,,,,,,
20112,9,1,“待君归。”,0,1300,,,,,,,,,,,,,,,,
20113,1,1,“我不是新郎，你们认错人了。”,2,1300,,,,,,,,,,,,,,,,
20113,2,1,敲锣打鼓的声音戛然而止。,3,1300,,,,,,,,,,,,,,,,
20113,3,1,新娘慢慢的站了起来，她背后巨大的囍疯狂蠕动着冲破了古宅的屋顶。,4,1300,,,,,,,,,,,,,,,,
20113,4,1,与此同时，周围的环境迅速发生变化，木宅开始腐朽崩塌。,5,1300,,,,,,,,,,,,,,,,
20113,5,1,周围的杂草疯狂生长，不知何处生长的藤蔓束缚住了你。,6,1300,,,,,,,,,,,,,,,,
20113,6,1,新娘慢慢走来，她的头发越来越长，由白变黑。,7,1300,,,,,,,,,,,,,,,,
20113,7,1,等到她走到面前的时候，你清晰的看到了她手上的皱纹。,8,1300,,,,,,,,,,,,,,,,
20113,8,1,她颤颤巍巍的伸出手，似乎想触摸你的脸。,9,1300,,,,,,,,,,,,,,,,
20113,9,1,但是还没有触摸到，你就看着她的手迅速腐烂变成白骨。,10,1300,,,,,,,,,,,,,,,,
20113,10,1,整个身体迅速散架变成尘埃，只留下了一地新娘嫁衣。,0,1300,,,,,,,,,,,,,,,,
20114,1,1,眼前的景象过于诡异，如果直接拒绝的话可能会有不好的事情发生。,2,1300,,,,,,,,,,,,,,,,
20114,2,1,突然，你灵机一动，想到了一个主意。,3,1300,,,,,,,,,,,,,,,,
20114,3,1,“可是，我觉得我是女人诶。”,4,1300,,,,,,,,,,,,,,,,
20114,4,1,所有的纸人都停住了摇晃，唢呐和鼓声也停下了，似乎是在思考。,5,1300,,,,,,,,,,,,,,,,
20114,5,1,乘着他们发愣，赶紧离开这个是非之地，却只听得背后传来幽怨的哭声。,0,1300,,,,,,,,,,,,,,,,
20121,1,1,前方是一个生不见底的深渊，在深渊之上是一座肉块堆砌起来的桥梁。,2,1400,,,,,,,,,,,,,,,,
20121,2,1,桥梁上粗壮的血管清晰可见，在上面停着几只红眼乌鸦歪着头看你。,3,1400,,,,,,,,,,,,,,,,
20121,3,0,在桥梁上似乎模模糊糊的站着一个人影，她朝手让你过去。,4,1400,,,,,,,,,,,,,,,,
20121,4,1,但是桥梁踩上去摇摇晃晃，似乎并不牢固。,0,1400,,,,,,,,,,,,,,,,
20122,1,1,肉桥突然翻卷裹住脚踝，血管里游出金线缝合你的神经。,2,1400,,,,,,,,,,,,,,,,
20122,2,1,你感觉到疼痛和头晕，桥上的乌鸦也飞跃而起，洒下一片片黑色羽毛。,3,1400,,,,,,,,,,,,,,,,
20122,3,1,一片片羽毛粘合在你身上，最终像是水一样融合在你身体中。,4,1400,,,,,,,,,,,,,,,,
20122,4,1,当走到哪个人身前的时候，身上已经堆满了厚厚的羽毛。,5,1400,,,,,,,,,,,,,,,,
20122,5,1,你惊恐的发现，桥上的人影竟然长着和自己一样的面孔。,6,1400,,,,,,,,,,,,,,,,
20122,6,1,它同样惊恐的看着你，咔嚓一声，像是被打碎的镜子一样裂开了。,7,1400,,,,,,,,,,,,,,,,
20122,7,1,血肉鹊桥腐烂崩溃，还好身上的羽毛把你从深渊里拖了出来。,0,1400,,,,,,,,,,,,,,,,
20123,1,1,你一脚踩进了鹊桥的血管之中，一股黏腻腥臭的味道传来。,2,1400,,,,,,,,,,,,,,,,
20123,2,1,那像是断电冰箱里腐烂的蔬菜和肉散发的气息。,3,1400,,,,,,,,,,,,,,,,
20123,3,1,乌鸦惊起，怪叫着四散而逃。,4,1400,,,,,,,,,,,,,,,,
20123,4,1,远方的人影消失不见，鹊桥开始疯狂扭动，如同一个巨大的蠕虫一半将你甩了出去。,5,1400,,,,,,,,,,,,,,,,
20123,5,1,万幸你摔在了地面上，而不是哪个深渊。,6,1400,,,,,,,,,,,,,,,,
20123,6,1,因为你看见那个鹊桥像是触手一般缩回了黑暗之中。,0,1400,,,,,,,,,,,,,,,,
20124,1,1,你望了望脚底深不见底的深渊，心中的直觉还是告诉你离开这个地方。,2,1400,,,,,,,,,,,,,,,,
20124,2,1,这座桥是哪里来的，深渊地下又是什么，最好还是不要知道为好。,0,1400,,,,,,,,,,,,,,,,
20131,1,1,一个古罗马式的竞技场中人声鼎沸，竞技场中央弥诺陶洛斯站在铺满血肉的场地之中。,2,1500,,,,,,,,,,,,,,,,
20131,2,1,“沃哦，沃哦，沃哦，八十连胜！弥诺陶洛斯取得了八十连胜！”,3,1500,,,,,,,,,,,,,,,,
20131,3,0,“还有想要挑战的参与者吗，只要战胜弥诺陶洛斯就能获得它的所有奖品。”,4,1500,,,,,,,,,,,,,,,,
20131,4,1,“当然，你也可能和竞技场里的失败者一起在墙上和地上欢度余生！”,5,1500,,,,,,,,,,,,,,,,
20131,5,1,“机会难得！机会难得！搏一搏，成为新的传奇！”,0,1500,,,,,,,,,,,,,,,,
20132,1,1,“让我们欢迎又一位勇敢的挑战者到来！”,2,1500,,,,,,,,,,,,,,,,
20132,2,1,“他是会打破八十连胜的传奇，还是和他的前辈一样被糊在墙上，我们拭目以待！”,0,1500,,,,,,,,,,,,,,,,
20133,1,1,你在竞技场上找了一个位置坐了下来，津津有味的看起比赛。,2,1500,,,,,,,,,,,,,,,,
20133,2,1,又上来了几个不怕死的挑战者，然而他们的下场和他们的前辈一样。,3,1500,,,,,,,,,,,,,,,,
20133,3,1,你开始庆幸自己没有贸然上去送命，几场挑战看下来你似乎也对战斗有了更深的理解。,0,1500,,,,,,,,,,,,,,,,
20134,1,1,毫无意义的斗争，只不过是一群用生命来取悦自己的野兽。,2,1500,,,,,,,,,,,,,,,,
20134,2,1,你摇摇头离开，继续旅途。,0,1500,,,,,,,,,,,,,,,,
20141,1,1,一辆长着简笔画人脸小火车微笑着朝你冲来，而你的双脚像是被黏在了轨道上。,2,1600,,,,,,,,,,,,,,,,
20141,2,1,此刻你的身边有着一个轨道操纵杆，只要扭动一下，那辆火车就可以冲向另一个轨道。,3,1600,,,,,,,,,,,,,,,,
20141,3,0,然而，那个轨道上传来了一个女人的呼救声。,4,1600,,,,,,,,,,,,,,,,
20141,4,1,迷雾中看不清她的身影，那是一个勿入迷宫的幸存者。,5,1600,,,,,,,,,,,,,,,,
20141,5,1,是时候做出决定了，只有一个人能免于火车伤害。,0,1600,,,,,,,,,,,,,,,,
20142,1,1,这个诡异的地方能相信的只有自己，谁知道那个女人是什么来路。,2,1601,,,,,,,,,,,,,,,,
20142,2,1,如此想着，失控的火车朝着女人的方向冲去。,3,1601,,,,,,,,,,,,,,,,
20142,3,1,一声惨叫之后便是寂静。,4,1601,,,,,,,,,,,,,,,,
20142,4,1,你终于可以移动，但是当你走过去看的时候发现哪里什么也没有。,5,1601,,,,,,,,,,,,,,,,
20142,5,1,你为你又做了一次正确的选择而庆幸。,0,1601,,,,,,,,,,,,,,,,
20143,1,1,虽然不知道轨道那边的女人是哪里来的，但是万一是真的人类的话，自己不可能杀人。,2,1602,,,,,,,,,,,,,,,,
20143,2,1,而且就算火车撞过来，最多返回奈亚拉哪里就是。,3,1602,,,,,,,,,,,,,,,,
20143,3,1,如此想着，你便没有动那个控制杆。,4,1602,,,,,,,,,,,,,,,,
20143,4,1,火车呼啸而过，从你的身体中穿了过去，而你感觉自己的身体中好像少了什么。,0,1602,,,,,,,,,,,,,,,,
20144,1,1,出现了经典的电车难题，只不过轨道的一边是自己的命。,2,1603,,,,,,,,,,,,,,,,
20144,2,1,你跃跃欲试的想要尝试某种戏谑的理论。,3,1603,,,,,,,,,,,,,,,,
20144,3,1,来回拉动拉杆的话，火车会怎么样呢？,4,1603,,,,,,,,,,,,,,,,
20144,4,1,笑脸火车变成了哭脸，它脱离了轨道，横着朝你和女人的轨道翻滚而来。,5,1603,,,,,,,,,,,,,,,,
20144,5,1,索性他穿过了你的身体，并没有压住你。,6,1603,,,,,,,,,,,,,,,,
20144,6,1,但是你似乎感觉身体里少了一定什么。,0,1603,,,,,,,,,,,,,,,,
20151,1,1,锁链在溶洞深处哗啦作响，十二根石柱尚的铁链束缚着石台上的扭曲生物。那团像是肉球的黑色生物长着像是羊一样的蹄子，背上生长着触手和眼睛，身体上则不规律的分部着羊的嘴巴。,2,1700,,,,,,,,,,,,,,,,
20151,2,1,祂是黑山羊幼崽的坐骑，被击败后被封印在此。,3,1700,,,,,,,,,,,,,,,,
20151,3,1,无面祭祀递给你半截断裂的兽牙。,4,1700,,,,,,,,,,,,,,,,
20151,4,1,用这个刺破手掌，你的血能加固封印。,5,1700,,,,,,,,,,,,,,,,
20151,5,0,你注意到所有祭司的左手都缺失了三根手指，伤口处蠕动着蓝紫色菌丝。,0,1700,,,,,,,,,,,,,,,,
20152,1,1,你朝着祭坛里滴了几滴血液，那些铁链像是有生命一样变得更加粗壮。,2,1700,,,,,,,,,,,,,,,,
20152,2,1,原本还能扭动挣扎的黑山羊幼崽彻底动弹不得。,3,1700,,,,,,,,,,,,,,,,
20152,3,1,而你也感觉像幼崽一样虚弱不堪，转头看那无面祭祀却消失不见。,4,1700,,,,,,,,,,,,,,,,
20152,4,1,只留下手中的破碎兽牙。,0,1700,,,,,,,,,,,,,,,,
20153,1,1,无面人可疑的打扮让你紧紧皱起眉头。,2,1700,,,,,,,,,,,,,,,,
20153,2,1,而黑山羊幼崽的呻吟让你感到一种清切感，好像自己接触过这一种力量。,3,1700,,,,,,,,,,,,,,,,
20153,3,1,你不顾无眠祭祀的阻拦破坏了一条铁链，其他的铁链像是发生了连锁反应一般跟着破碎。,4,1700,,,,,,,,,,,,,,,,
20153,4,1,黑山羊幼崽欢腾的一跃而起消失在虚空，只留下一种让你感觉神清气爽的呓语。,0,1700,,,,,,,,,,,,,,,,
20154,1,1,无论是诡异的黑山羊幼崽，还是这个来历不明的无眠祭祀都让你感觉不安。,2,1700,,,,,,,,,,,,,,,,
20154,2,1,你拒绝了祭祀的请求，继续踏上旅途。,0,1700,,,,,,,,,,,,,,,,
20161,1,1,前方似乎是一个村子，村门口的大树底下趴着一群硕大的老鼠真在晒月亮。,2,1800,,,,,,,,,,,,,,,,
20161,2,1,“反正每天也有饭吃，努力干活又没有什么用。”,3,1800,,,,,,,,,,,,,,,,
20161,3,1,一个老鼠慵懒的说道。,4,1800,,,,,,,,,,,,,,,,
20161,4,1,“还不如每天躺着享受享受生活，鼠生苦短，及时行了，鼠鼠我呀活的比以前好多了。”,5,1800,,,,,,,,,,,,,,,,
20161,5,1,“看你风尘仆仆的样子也是吃了不少苦头吧，和我们一起晒一会月亮吧！”,0,1800,,,,,,,,,,,,,,,,
20162,1,1,鼠鼠说的似乎有道理，这段时间待在怪谈空间中身心俱疲。,2,1801,,,,,,,,,,,,,,,,
20162,2,1,或许是时候稍微休息一下了。,3,1801,,,,,,,,,,,,,,,,
20162,3,1,鼠鼠给你挪了一个位置，你躺在他们中间美美的睡了一觉。,4,1801,,,,,,,,,,,,,,,,
20162,4,1,当你醒来的时候，周围的鼠鼠早已不见，只留下一地的老鼠残骸。,5,1801,,,,,,,,,,,,,,,,
20162,5,1,骨头上净是啮齿类动物的牙印。,6,1801,,,,,,,,,,,,,,,,
20162,6,1,你似乎明白了“有饭吃”是什么意思。,0,1801,,,,,,,,,,,,,,,,
20163,1,1,你对老鼠的生活方式感到疑惑。,2,1802,,,,,,,,,,,,,,,,
20163,2,1,如果不劳动的话如何获得食物，又如何生存？,3,1802,,,,,,,,,,,,,,,,
20163,3,1,提到这个问题的时候所有鼠鼠都显得不悦。,4,1802,,,,,,,,,,,,,,,,
20163,4,1,一边大骂你是叛徒，一边把你赶出了村庄。,0,1802,,,,,,,,,,,,,,,,
20164,1,1,你尝试表现出凶横的样子，亮出了武器。,2,1803,,,,,,,,,,,,,,,,
20164,2,1,好消息是，鼠鼠们看到你的样子四散而逃，甚至没有任何抵抗。,3,1803,,,,,,,,,,,,,,,,
20164,3,1,坏消息是，村子里穷的没有任何东西了。,0,1803,,,,,,,,,,,,,,,,
20171,1,1,充满迷雾的港口中只有一座灯塔显得格外醒目。,2,1900,,,,,,,,,,,,,,,,
20171,2,1,在塔的顶端跳动着明亮的火焰，海浪拍击着岩石，听上去令人格外安心。,3,1900,,,,,,,,,,,,,,,,
20171,3,0,海浪？这里为什么会有大型海湾？,4,1900,,,,,,,,,,,,,,,,
20171,4,1,就在这个时候一个老人出现在你身边，他自称灯塔的守塔人，邀请前往灯塔休憩一番。,5,1900,,,,,,,,,,,,,,,,
20171,5,1,但是你发现老人的身上十分干净，不像是一个守塔人的打扮。,0,1900,,,,,,,,,,,,,,,,
20172,1,1,老人微笑着点起了一盏灯在前方带路，你们开始朝着灯塔走去。,2,1900,,,,,,,,,,,,,,,,
20172,2,1,然而，走了很长时间，你们依旧没有到达灯塔，它似乎还是那么遥远。,3,1900,,,,,,,,,,,,,,,,
20172,3,1,“保持耐心，很快就到了。”,4,1900,,,,,,,,,,,,,,,,
20172,4,1,“灯塔从不是逐渐靠近的，它是在你走过很多看似无用的路以后突然到达的。”,5,1900,,,,,,,,,,,,,,,,
20172,5,1,老人在前方说道。,6,1900,,,,,,,,,,,,,,,,
20172,6,1,眼前的风景突然伸缩拉进，空间扭曲间灯塔就来到了你面前。,7,1900,,,,,,,,,,,,,,,,
20172,7,1,老人消失不见，而你似乎吾到了什么。,0,1900,,,,,,,,,,,,,,,,
20173,1,1,你对老人的身份产生了质疑，老人听到后并没有生气,2,1900,,,,,,,,,,,,,,,,
20173,2,1,而是笑着点点头离开了，走的时候留下了自己的一个提灯。,3,1900,,,,,,,,,,,,,,,,
20173,3,1,“愿你一种能保持那双锐利的眼睛。”,0,1900,,,,,,,,,,,,,,,,
20181,1,1,这是一个空间混乱的图书馆，一排排的书架像是无视着空间法则一样随意排序。,2,2000,,,,,,,,,,,,,,,,
20181,2,1,而在图书馆中间的桌子上，你看到了一个熟悉的身影真在看书。,3,2000,,,,,,,,,,,,,,,,
20181,3,1,“优格？”,4,2000,,,,,,,,,,,,,,,,
20181,4,1,你尝试着问到。,5,2000,,,,,,,,,,,,,,,,
20181,5,1,女人抬起了脸，但是她的脸上始终萦绕这一团雾，让人看不清。,6,2000,,,,,,,,,,,,,,,,
20181,6,1,但是她那一身的打扮让你确定那就是优格。,7,2000,,,,,,,,,,,,,,,,
20181,7,1,“看书，或者出去。”,8,2000,,,,,,,,,,,,,,,,
20181,8,1,像是优格一样的女人冷冷的说道，有一种不容质疑的威严。,0,2000,,,,,,,,,,,,,,,,
20182,1,1,像是优格的女人继续低头看书，你也随手拿了一本书看。,2,2000,,,,,,,,,,,,,,,,
20182,2,1,书上全部都是看不懂的文字，但是那些文字像是有生命一样跳跃着。,3,2000,,,,,,,,,,,,,,,,
20182,3,1,一系列莫名其妙的知识进入了你的脑海，不经意间看的入迷。,4,2000,,,,,,,,,,,,,,,,
20182,4,1,等到抬头的时候，图书馆变成了一片废墟，手上的书也变成了一抔沙土。,0,2000,,,,,,,,,,,,,,,,
20183,1,1,你从来没有见过这么严肃的优格，直觉告诉你那很可能不是优格。,2,2000,,,,,,,,,,,,,,,,
20183,2,1,你缓慢的后退，生怕弄出大的响声。,3,2000,,,,,,,,,,,,,,,,
20183,3,1,最终悄无声息的离开了图书馆。,0,2000,,,,,,,,,,,,,,,,
20191,1,1,废弃游乐园的摩天轮在无风之夜缓缓转动，锈蚀的座舱里传出齿轮咬合的呻吟。,2,2100,,,,,,,,,,,,,,,,
20191,2,0,"广播突然响起，沙哑的嗓音宣布：""欢迎各位游客乘坐本园特色项目，命运之轮。""",0,2100,,,,,,,,,,,,,,,,
20192,1,1,坐上摩天轮，在没有人控制的情况下竟然自己慢慢的转动起来。,2,2100,,,,,,,,,,,,,,,,
20192,2,1,当摩天轮升到顶点的时候突然停了下来，一半数量的轿厢突然翻转，,3,2100,,,,,,,,,,,,,,,,
20192,3,1,地上接二连三的响起重物落地的声音，所以你的轿厢一切正常。,4,2100,,,,,,,,,,,,,,,,
20192,4,1,命运女神有一次眷顾了你，你活下来了，那么下次呢？,0,2100,,,,,,,,,,,,,,,,
20193,1,1,好运气从不会持久，你永远不知道下一次的筹码是不是自己的生命。,2,2100,,,,,,,,,,,,,,,,
20193,2,1,你离开了游乐园，离那个叫做命运之轮的东西远一些。,3,2100,,,,,,,,,,,,,,,,
20193,3,1,即便如此，又能逃多久呢，谁也不知道。,0,2100,,,,,,,,,,,,,,,,
20201,1,1,前方的广场中央矗立着一座巨大的青铜表盘。,2,2200,,,,,,,,,,,,,,,,
20201,2,0,锈迹斑斑的指针静止不动，仿佛被某种无形的力量束缚在永恒的循环中。,3,2200,,,,,,,,,,,,,,,,
20201,3,1,空气中弥漫着一种令人窒息的停滞感，时间在这里似乎失去了意义。,0,2200,,,,,,,,,,,,,,,,
20202,1,1,周围的植物开始疯狂增长，同时你感觉到你的生命力在疯狂流逝。,2,2200,,,,,,,,,,,,,,,,
20202,2,1,在你眼前的不再是这片广场的景色，而是无数个类似的场景。,3,2200,,,,,,,,,,,,,,,,
20202,3,1,空间扭曲变化，看到了，看到了，你看到了时间的移动。,4,2200,,,,,,,,,,,,,,,,
20202,4,1,你从另一个维度观察到了这个世界！,0,2200,,,,,,,,,,,,,,,,
20203,1,1,随着指针的倒转，原本散落在地上的建筑残骸奇迹般的粘合回去。,2,2200,,,,,,,,,,,,,,,,
20203,2,1,掉落的枯叶飞回指头，重新边的绿意盎然。,3,2200,,,,,,,,,,,,,,,,
20203,3,1,你已经忘了自己在干什么，但是你惊叹于眼前的景象。,4,2200,,,,,,,,,,,,,,,,
20203,4,1,手指依靠着惯性移动着指针，突然之间你缩回了手。,5,2200,,,,,,,,,,,,,,,,
20203,5,1,自己在干什么？为什么会在这里？你也不知道，但是直觉告诉你不要再触碰眼前的指针了。,0,2200,,,,,,,,,,,,,,,,
20204,1,1,面对这种原理不明的机关最好不要乱动。,2,2200,,,,,,,,,,,,,,,,
20204,2,1,如此想着，你离开了这里。,0,2200,,,,,,,,,,,,,,,,
20211,1,1,一轮明月悬挂在空中，湖泊在苍白的月光下泛的银光。,2,2300,,,,,,,,,,,,,,,,
20211,2,1,湖面平静如镜，没有一丝的皱纹和破坏美感的倒影。,3,2300,,,,,,,,,,,,,,,,
20211,3,1,在湖边，一群人或站或立，抬头望着月亮。,4,2300,,,,,,,,,,,,,,,,
20211,4,0,“来看看月亮吧，今天是一个难得的月圆时刻。”,5,2300,,,,,,,,,,,,,,,,
20211,5,1,一个男子注意到了你的到来，并且对你发出了邀请。,0,2300,,,,,,,,,,,,,,,,
20212,1,1,你在人群中找了一个地方坐下来，抬头看着月亮。,2,2300,,,,,,,,,,,,,,,,
20212,2,1,多美的月亮啊，黄色的月亮悬挂在夜空中。,3,2300,,,,,,,,,,,,,,,,
20212,3,1,如同一颗温润的珍珠，散发着柔和而清冷的光辉。,4,2300,,,,,,,,,,,,,,,,
20212,4,1,与之交相辉映的是湖面上的红色月亮，像是一颗红宝石一般美丽。,5,2300,,,,,,,,,,,,,,,,
20212,5,1,等等...................红色月亮？之前在湖面上还什么都没有。,6,2300,,,,,,,,,,,,,,,,
20212,6,1,你心中一颤，如同掉入冰窟一般打了一个寒颤。,7,2300,,,,,,,,,,,,,,,,
20212,7,1,你不敢多问，也不敢多想，乘着别人不注意溜走了。,8,2300,,,,,,,,,,,,,,,,
20212,8,1,只留下身后众人的微笑。,0,2300,,,,,,,,,,,,,,,,
20213,1,1,路上的经历让你疲惫不堪，而这里似乎是一个可以休息的地方。,2,2300,,,,,,,,,,,,,,,,
20213,2,1,你走到湖边，用清冽的湖水洗了一把脸。,3,2300,,,,,,,,,,,,,,,,
20213,3,1,清冽的湖水消除了些许的疲惫，思绪也开始放空，看着波纹远去。,4,2300,,,,,,,,,,,,,,,,
20213,4,1,突然，你感觉有什么不对的地方。,5,2300,,,,,,,,,,,,,,,,
20213,5,1,湖面上除了波纹什么也没有，没有那些人的倒影，也没有月亮。,6,2300,,,,,,,,,,,,,,,,
20213,6,1,寒意遍布全身，你假装没看见。,7,2300,,,,,,,,,,,,,,,,
20213,7,1,在来一股不知从而何来的目光之下，偷偷离开了这里。,0,2300,,,,,,,,,,,,,,,,
20214,1,1,“月亮有什么好看的？”,2,2300,,,,,,,,,,,,,,,,
20214,2,1,你摇了摇头，拒绝了男子。,3,2300,,,,,,,,,,,,,,,,
20214,3,1,然而，你突然发现在场的所有人都在看着你，带着一种愤怒的目光。,4,2300,,,,,,,,,,,,,,,,
20214,4,1,“你竟然.......敢说月亮不好看！”,5,2300,,,,,,,,,,,,,,,,
20214,5,1,男子的每个字都带着怒火，其他人也将你包围了起来。,6,2300,,,,,,,,,,,,,,,,
20214,6,1,他们悍不畏死的冲上来将你控制着，大喊着听不懂的语言将你丢入湖中。,7,2300,,,,,,,,,,,,,,,,
20214,7,1,等到爬上来的时候那群人已经消失不见，只留下一轮红色的月亮悬挂在空中。,0,2300,,,,,,,,,,,,,,,,
20221,1,1,三个天秤悬浮在玛阿特之厅中，四十二根黑曜石柱上盘踞着长满复眼的豺狼头神像。,2,4100,,,,,,,,,,,,,,,,
20221,2,1,每个秤盘左侧都漂浮着腐烂的羽毛，右侧则什么都没有。,3,4100,,,,,,,,,,,,,,,,
20221,3,1,长着鳄鱼头的阿米特张开嘴从里面伸出了一只眼睛。,4,4100,,,,,,,,,,,,,,,,
20221,4,0,“眼，鼻，耳，舌，脑，心脏，一半上天平。”,5,4100,,,,,,,,,,,,,,,,
20221,5,1,眼睛张嘴说道。,0,4100,,,,,,,,,,,,,,,,
20222,1,1,天平摇摇晃晃，你感觉似乎少了点什么。,2,4100,,,,,,,,,,,,,,,,
20222,2,1,走向下一个天平。,0,4100,,,,,,,,,,,,,,,,
20223,1,1,天平摇摇晃晃，你感觉似乎少了点什么。,2,4100,,,,,,,,,,,,,,,,
20223,2,1,走向下一个天平。,0,4100,,,,,,,,,,,,,,,,
20224,1,1,天平摇摇晃晃，你感觉似乎少了点什么。,2,4100,,,,,,,,,,,,,,,,
20224,2,1,走向下一个天平。,0,4100,,,,,,,,,,,,,,,,
20225,1,1,天平摇摇晃晃，你感觉似乎少了点什么。,2,4100,,,,,,,,,,,,,,,,
20225,2,1,走向下一个天平。,0,4100,,,,,,,,,,,,,,,,
20226,1,1,天平摇摇晃晃，你感觉似乎少了点什么。,2,4100,,,,,,,,,,,,,,,,
20226,2,1,但是随着三个天平的晃动逐渐减小，你放上去的东西最终和羽毛平衡了。,3,4100,,,,,,,,,,,,,,,,
20226,3,1,阿米特失望的闭上了嘴，挪动身体让开了身后的门。,0,4100,,,,,,,,,,,,,,,,
20227,1,1,天平摇摇晃晃，你感觉似乎少了点什么。,2,4100,,,,,,,,,,,,,,,,
20227,2,1,但是随着三个天平的晃动逐渐减小，你放上去的东西最终和羽毛平衡了。,3,4100,,,,,,,,,,,,,,,,
20227,3,1,阿米特失望的闭上了嘴，挪动身体让开了身后的门。,0,4100,,,,,,,,,,,,,,,,
20231,1,1,又是一个月圆之夜，你驻足湖边静静抬头。,2,2400,,,,,,,,,,,,,,,,
20231,2,1,“很美的月亮，不是吗？”,3,2400,,,,,,,,,,,,,,,,
20231,3,1,你转过头，一位老人摘下帽子向你颔首。,4,2400,,,,,,,,,,,,,,,,
20231,4,1,“你觉得现在的月亮是满月还是新月？”,5,2400,,,,,,,,,,,,,,,,
20231,5,0,你疑惑地抬头，云层遮挡住部分月亮，正是新月的形状。,6,2400,,,,,,,,,,,,,,,,
20231,6,1,你思索片刻，开口道,0,2400,,,,,,,,,,,,,,,,
20232,1,1,“满月。”,2,2400,,,,,,,,,,,,,,,,
20232,2,1,你不假思索地回答道。,3,2400,,,,,,,,,,,,,,,,
20232,3,1,“没错，当然是满月。”,4,2400,,,,,,,,,,,,,,,,
20232,4,1,老人不再说话，只和你一起继续看月亮。,0,2400,,,,,,,,,,,,,,,,
20233,1,1,“新月。”,2,2400,,,,,,,,,,,,,,,,
20233,2,1,你继续说道。,3,2400,,,,,,,,,,,,,,,,
20233,3,1,“人的眼睛看到什么，其实是人的思维决定的。”,4,2400,,,,,,,,,,,,,,,,
20233,4,1,老人微笑着点点头，很满意你的答案。,5,2400,,,,,,,,,,,,,,,,
20233,5,1,他摘下帽子，郑重地戴在你的头上。,6,2400,,,,,,,,,,,,,,,,
20233,6,1,“你会用得到的。”,0,2400,,,,,,,,,,,,,,,,
20234,1,1,你陷入了沉默。,2,2400,,,,,,,,,,,,,,,,
20234,2,1,老人没有听到你的回答，于是自顾自地开口道。,3,2400,,,,,,,,,,,,,,,,
20234,3,1,“或许在我们看来，是满月被云层遮盖。”,4,2400,,,,,,,,,,,,,,,,
20234,4,1,“但谁又能保证，遮盖的部分是真实还是虚假的呢？”,5,2400,,,,,,,,,,,,,,,,
20234,5,1,“谁又能知道，剩下的部分一定就是真实的呢？”,6,2400,,,,,,,,,,,,,,,,
20234,6,1,你听出老人话里有话，正欲询问。,7,2400,,,,,,,,,,,,,,,,
20234,7,1,老人却笑了笑，转身离开。,0,2400,,,,,,,,,,,,,,,,
20241,1,1,“欢迎来到‘绝对正义’游戏厅。”,2,2500,,,,,,,,,,,,,,,,
20241,2,0,“在这里，你需要结合故事进行审判。”,3,2500,,,,,,,,,,,,,,,,
20241,3,1,你不知道自己为什么会来到这里，但你的潜意识在提醒你必须遵守这里的规则。,4,2500,,,,,,,,,,,,,,,,
20241,4,1,“一颗被咬了一大口的苹果，一只蚂蚁和一只大象。”,5,2500,,,,,,,,,,,,,,,,
20241,5,1,“请进行审判。”,6,2500,,,,,,,,,,,,,,,,
20241,6,1,你觉得有些荒谬，但刺耳的指针倒计时在逼迫你做出选择。,0,2500,,,,,,,,,,,,,,,,
20242,1,1,如果是大象一定会整个吃掉。,2,2500,,,,,,,,,,,,,,,,
20242,2,1,你不假思索地选择了蚂蚁对应的图片。,3,2500,,,,,,,,,,,,,,,,
20242,3,1,“恭喜你，回答正确~”,4,2500,,,,,,,,,,,,,,,,
20242,4,1,话音刚落，图片上的蚂蚁动了起来，一只脚突然出现将它踩死。,5,2500,,,,,,,,,,,,,,,,
20242,5,1,“game over！”,0,2500,,,,,,,,,,,,,,,,
20243,1,1,蚂蚁真的能咬得动苹果吗？,2,2500,,,,,,,,,,,,,,,,
20243,2,1,你有些迟疑，最终还是选择了大象对应的图片。,3,2500,,,,,,,,,,,,,,,,
20243,3,1,“啊——哦——”,4,2500,,,,,,,,,,,,,,,,
20243,4,1,原本兴奋的电子音听起来有些兴味索然。,5,2500,,,,,,,,,,,,,,,,
20243,5,1,“居然答错了，真没用。”,6,2500,,,,,,,,,,,,,,,,
20243,6,1,一只比你大五倍的手凭空出现把你丢出了游戏厅。,0,2500,,,,,,,,,,,,,,,,
20251,1,1,“欢迎来到‘绝对正义’游戏厅。”,2,2600,,,,,,,,,,,,,,,,
20251,2,0,“在这里，你需要结合故事进行审判。”,3,2600,,,,,,,,,,,,,,,,
20251,3,1,你不知道自己为什么会来到这里，但你的潜意识在提醒你必须遵守这里的规则。,4,2600,,,,,,,,,,,,,,,,
20251,4,1,“一个按钮，破碎的瓷娃娃。”,5,2600,,,,,,,,,,,,,,,,
20251,5,0,“瓷娃娃，我，以及——”,6,2600,,,,,,,,,,,,,,,,
20251,6,0,“你。”,7,2600,,,,,,,,,,,,,,,,
20251,7,1,“请进行审判......桀桀......桀......”,8,2600,,,,,,,,,,,,,,,,
20251,8,1,你觉得有些荒谬，但刺耳的指针倒计时在逼迫你做出选择。,0,2600,,,,,,,,,,,,,,,,
20252,1,1,瓷娃娃为什么会碎掉？,2,2600,,,,,,,,,,,,,,,,
20252,2,1,如果她不是瓷娃娃，就不会这么容易碎掉了。,3,2600,,,,,,,,,,,,,,,,
20252,3,1,她的存在就是原罪。,4,2600,,,,,,,,,,,,,,,,
20252,4,1,她就是罪人。,5,2600,,,,,,,,,,,,,,,,
20252,5,1,你毫不犹豫地选择瓷娃娃代表的图片。,6,2600,,,,,,,,,,,,,,,,
20252,6,1,“桀桀桀......很棒的回答......很棒......”,7,2600,,,,,,,,,,,,,,,,
20252,7,1,图片中的瓷娃娃落在你的脚边。,8,2600,,,,,,,,,,,,,,,,
20252,8,1,“恭喜通关，这是奈亚大人的赠礼，好好收藏。”,0,2600,,,,,,,,,,,,,,,,
20253,1,1,荒谬的故事，荒谬的选项，荒谬的游戏。,2,2600,,,,,,,,,,,,,,,,
20253,2,1,你毫不犹豫地选择铺满【绝对正义】文字的图片。,3,2600,,,,,,,,,,,,,,,,
20253,3,1,“......哧”,4,2600,,,,,,,,,,,,,,,,
20253,4,1,你听到一声嗤笑，眼前的一切开始扭曲。,5,2600,,,,,,,,,,,,,,,,
20253,5,1,“回答错误————”,6,2600,,,,,,,,,,,,,,,,
20253,6,1,你感觉到自己的精神受到了某种攻击，针刺般的疼痛从大脑向全身蔓延。,7,2600,,,,,,,,,,,,,,,,
20253,7,1,“但我喜欢这个回答。”,0,2600,,,,,,,,,,,,,,,,
20254,1,1,前面两个选项明显都不能选，你决定赌一把。,2,2600,,,,,,,,,,,,,,,,
20254,2,1,你咬咬牙，选择了自己代表的图片。,3,2600,,,,,,,,,,,,,,,,
20254,3,1,“恭喜你回答正确~”,4,2600,,,,,,,,,,,,,,,,
20254,4,1,“真是位勇敢的玩家！绝对正义的审判者！”,5,2600,,,,,,,,,,,,,,,,
20254,5,1,突然出现的震耳欲聋的掌声让你松了一口气。,6,2600,,,,,,,,,,,,,,,,
20254,6,1,“以及——无知的罪人。”,7,2600,,,,,,,,,,,,,,,,
20254,7,1,一柄剑凭空出现，直直刺入你的胸口。,8,2600,,,,,,,,,,,,,,,,
20254,8,1,“桀桀桀，既然是罪人，自然要接受正义的惩罚。”,9,2600,,,,,,,,,,,,,,,,
20254,9,1,“game over！”,0,2600,,,,,,,,,,,,,,,,
20261,1,1,你在一座废弃教堂里遇到一位衣衫褴褛的画家。,2,2700,,,,,,,,,,,,,,,,
20261,2,0,他被捆绑在断裂的石柱上，没有手脚，用嘴咬住画笔作画。,3,2700,,,,,,,,,,,,,,,,
20261,3,1,画中是富丽堂皇的宫殿，和一位倒挂天际的天使。,4,2700,,,,,,,,,,,,,,,,
20261,4,1,你想向画家问路，但画家沉迷于作画，并不想搭理你。,5,2700,,,,,,,,,,,,,,,,
20261,5,1,你决定——,0,2700,,,,,,,,,,,,,,,,
20262,1,1,事已至此，不如在这儿看他画画吧。,2,2700,,,,,,,,,,,,,,,,
20262,2,1,你靠在绑住画家的柱子上，从口袋里掏出一把瓜子，边嗑瓜子边看他画画。,3,2700,,,,,,,,,,,,,,,,
20262,3,1,画家忍无可忍，吐掉画笔想要骂你。,4,2700,,,,,,,,,,,,,,,,
20262,4,1,你精准地接住画笔又塞回他嘴里，顺便帮忙调整了一下画笔的位置。,5,2700,,,,,,,,,,,,,,,,
20262,5,1,你在他震惊的眼神中笑着说了一句不客气，随后继续嗑起了瓜子。,0,2700,,,,,,,,,,,,,,,,
20263,1,1,你从他嘴里夺过画笔，表示不给你指路就不让他继续画。,2,2700,,,,,,,,,,,,,,,,
20263,2,1,他很生气，但又无可奈何。,3,2700,,,,,,,,,,,,,,,,
20263,3,1,“我不认识这里的路，自我有记忆起就被绑在这柱子上画画，从未离开过这里。”,4,2700,,,,,,,,,,,,,,,,
20263,4,1,你有些震惊也有些可怜他，问他是否想和你一起离开这里。,5,2700,,,,,,,,,,,,,,,,
20263,5,1,“离开之后呢？”,6,2700,,,,,,,,,,,,,,,,
20263,6,1,他平静地看着你。,7,2700,,,,,,,,,,,,,,,,
20263,7,1,“我生来残缺，画画是我唯一能做的事情。”,8,2700,,,,,,,,,,,,,,,,
20263,8,1,“与其靠一个随时会把我丢弃的陌生人，不如一直在这里画到生命的尽头，等待神父的审判。”,0,2700,,,,,,,,,,,,,,,,
20271,1,1,你误入了一座富丽堂皇的宫殿。,2,2800,,,,,,,,,,,,,,,,
20271,2,1,宫殿用金砖银瓦砌成，墙壁上挂着许多黑白色的画作。,3,2800,,,,,,,,,,,,,,,,
20271,3,1,宫殿正中央倒吊着一具尸体，尸体的双手交叠在脑后，嘴中叼着一根画笔。,4,2800,,,,,,,,,,,,,,,,
20271,4,1,你走进后发现，尸体正下方的地板上有一张满是血红字迹的信纸和一盒火柴，上面重复着这样一句话——,5,2800,,,,,,,,,,,,,,,,
20271,5,1,“好心的旅者，请燃烧锁链，助我们解脱。”,6,2800,,,,,,,,,,,,,,,,
20271,6,1,你捡起火柴，环顾四周，思考信中的“锁链”是什么。,0,2800,,,,,,,,,,,,,,,,
20272,1,1,你举起手，用手中的火柴点燃缠住尸体的白布。,2,2800,,,,,,,,,,,,,,,,
20272,2,1,火光蔓延，画笔却悬停在半空中。,3,2800,,,,,,,,,,,,,,,,
20272,3,1,不久后尸体全部化为灰烬，画笔突然动了起来，飘散的灰烬随着画笔聚集。,4,2800,,,,,,,,,,,,,,,,
20272,4,1,血红的字迹从信纸上剥离，化作数百根红绳，将画笔与灰烬拽入信纸。,0,2800,,,,,,,,,,,,,,,,
20273,1,1,你拿着火柴环绕宫殿，将墙壁上的画作一一点燃。,2,2800,,,,,,,,,,,,,,,,
20273,2,1,当最后一张画作完全化为灰烬后，你听到一阵刺耳的笑声。,3,2800,,,,,,,,,,,,,,,,
20273,3,1,你看向宫殿中央倒吊的尸体，原本早已干枯的尸体竟渗出黑红色的血液。,4,2800,,,,,,,,,,,,,,,,
20273,4,1,血液在触地的一瞬间突然变成锁链向你袭来。,5,2800,,,,,,,,,,,,,,,,
20273,5,1,你感到一阵天旋地转，缓过神时已经被倒吊在尸体旁边。,6,2800,,,,,,,,,,,,,,,,
20273,6,1,尸体似乎感受到什么，背对你的骷髅头缓慢旋转，朝你露出一个平静的笑容。,7,2800,,,,,,,,,,,,,,,,
20273,7,1,“我们又见面了......旅者......”,8,2800,,,,,,,,,,,,,,,,
20273,8,1,笑着的骷髅头有些诡异，但你却感受到一种难以言喻的平静。,9,2800,,,,,,,,,,,,,,,,
20273,9,1,你闭上眼，锁链如双手一般托着你回到地面。,10,2800,,,,,,,,,,,,,,,,
20273,10,1,再次睁开眼，眼前的宫殿空无一物。,0,2800,,,,,,,,,,,,,,,,
20274,1,1,你抬头看了一眼头顶的尸体，划拉一根火柴后丢向地上的信件，蹲下来看着信件化为灰烬。,2,2800,,,,,,,,,,,,,,,,
20274,2,1,“XXX！我XX不会放过你的......啊啊啊啊......”,3,2800,,,,,,,,,,,,,,,,
20274,3,1,你听到一阵愤怒的叫骂声，感叹这不知是人是鬼的东西骂人真无聊，来来回回就那么几句话。,0,2800,,,,,,,,,,,,,,,,
20281,1,1,你偶遇了一位穿着黑袍的粉发小女孩，她站在和你差不过高的木椅上，吃力地抓着一把看起来很重的镰刀。,2,2900,,,,,,,,,,,,,,,,
20281,2,1,小女孩看到你，兴奋地朝你挥手，差点从木椅上跌落下来。,3,2900,,,,,,,,,,,,,,,,
20281,3,1,“你！对就是你！快点过来！”,4,2900,,,,,,,,,,,,,,,,
20281,4,0,“本小姐是大名鼎鼎的死神，今天心情好，允许你给未来的自己选一个死法！”,5,2900,,,,,,,,,,,,,,,,
20281,5,1,你有些迟疑地看着面前这个不太靠谱的“死神”。,6,2900,,,,,,,,,,,,,,,,
20281,6,1,她似乎看出了你眼中的疑惑和轻视，有些生气地昂起头。,7,2900,,,,,,,,,,,,,,,,
20281,7,1,“竟然敢质疑我！再不说信不信我现在就收了你的命！”,0,2900,,,,,,,,,,,,,,,,
20282,1,1,你有些好笑地走进，想要伸手摸摸她的头。,2,2900,,,,,,,,,,,,,,,,
20282,2,1,眼前的小女孩气质突变，灵活地举起镰刀勾住你的脖子。,3,2900,,,,,,,,,,,,,,,,
20282,3,1,你感受到贴近你皮肤的刀刃上缠绕着一股死亡的气息。,4,2900,,,,,,,,,,,,,,,,
20282,4,1,“靠近我想干什么？无知的蛀虫？”,0,2900,,,,,,,,,,,,,,,,
20283,1,1,你看着有些生气的女孩，带着点哄小孩的意味说你一时想不出来，希望她能给你一些建议。,2,2900,,,,,,,,,,,,,,,,
20283,2,1,女孩恢复了一开始的兴奋状态，从身后掏出一本书翻了起来。,3,2900,,,,,,,,,,,,,,,,
20283,3,1,“目前来看，最受好评的死法是在美梦中死去，这样不疼没有感知，甚至还很甜蜜。”,4,2900,,,,,,,,,,,,,,,,
20283,4,1,“如果你不想死的那么平凡的话，我这边也可以帮你进行定制。”,5,2900,,,,,,,,,,,,,,,,
20283,5,1,“比如你可以选择一瓶符合你的口味的毒药，然后由你的心爱之人亲口喂给你，你们一起殉情也不失为一段佳话。”,6,2900,,,,,,,,,,,,,,,,
20283,6,1,“听说在神秘的东方还有更神奇的死法......”,7,2900,,,,,,,,,,,,,,,,
20283,7,1,你看了眼完全沉浸在自己世界的女孩，小心翼翼地离开。,0,2900,,,,,,,,,,,,,,,,
20284,1,1,你突然开始夸赞她的头发颜色很好看。,2,2900,,,,,,,,,,,,,,,,
20284,2,1,女孩的眼镜蹭的一下睁大，似乎有些没想到你会突然夸她。,3,2900,,,,,,,,,,,,,,,,
20284,3,1,你从她突然变红的耳朵确信自己就这样岔开了话题。,4,2900,,,,,,,,,,,,,,,,
20284,4,1,“这还用你说！我可是每天都有好好护理。”,5,2900,,,,,,,,,,,,,,,,
20284,5,1,“去年我还被评为年度最佳死神和年度最受欢迎死神！”,6,2900,,,,,,,,,,,,,,,,
20284,6,1,“所以说你遇到我可是十分幸运的哦~”,7,2900,,,,,,,,,,,,,,,,
20284,7,1,女孩开始向你讲述她的辉煌事迹。,8,2900,,,,,,,,,,,,,,,,
20284,8,1,你一边微笑点头一边开始后悔为什么要岔开话题。,0,2900,,,,,,,,,,,,,,,,
20291,1,1,你偶遇了一位穿着黑袍的老婆婆，她佝偻着身躯倚在一颗苹果树下。,2,3000,,,,,,,,,,,,,,,,
20291,2,0,“咳咳......这位年轻的旅者......要来吃点苹果吗......”,3,3000,,,,,,,,,,,,,,,,
20291,3,0,她指了指身前的木篮，里面放着一个红苹果。,4,3000,,,,,,,,,,,,,,,,
20291,4,1,不知为何，本来不饿的你看到这个苹果后突然开始咽口水。,5,3000,,,,,,,,,,,,,,,,
20291,5,1,老婆婆没有抬头拿出苹果递给你。,0,3000,,,,,,,,,,,,,,,,
20292,1,1,你决定尝尝。,2,3000,,,,,,,,,,,,,,,,
20292,2,1,你咬下第一口，属于苹果的清甜充满你的口腔。,3,3000,,,,,,,,,,,,,,,,
20292,3,1,你咬下第二口，这股清甜直达你的上颚。,4,3000,,,,,,,,,,,,,,,,
20292,4,1,你咬下第三口，这股清甜到达你的胃部。,5,3000,,,,,,,,,,,,,,,,
20292,5,1,你咬下第四口......,6,3000,,,,,,,,,,,,,,,,
20292,6,1,你的胃部突然一阵绞痛，你痛苦地弯曲身体，苹果掉在地上滚落回老婆婆手边。,7,3000,,,,,,,,,,,,,,,,
20292,7,1,“咳咳咳......怎么样......好吃吗......呵呵呵......”,8,3000,,,,,,,,,,,,,,,,
20292,8,1,失去意识前，你发现被你啃了四口的苹果在老婆婆手中变回了原样。,0,3000,,,,,,,,,,,,,,,,
20293,1,1,你意识到不对劲，这个诱人的苹果似乎过于红艳。,2,3000,,,,,,,,,,,,,,,,
20293,2,1,你狠狠掐了一把自己的大腿，移开了目光。,3,3000,,,,,,,,,,,,,,,,
20293,3,1,老婆婆看你没有接下苹果，什么也没有说，只是把苹果重新放到篮子里。,0,3000,,,,,,,,,,,,,,,,
20301,1,1,你清醒地意识到自己在做梦。,2,3100,,,,,,,,,,,,,,,,
20301,2,1,梦中的你是【创世神】。,3,3100,,,,,,,,,,,,,,,,
20301,3,0,你的手中是【清醒的痛苦】与【沉沦的甜蜜】。,4,3100,,,,,,,,,,,,,,,,
20301,4,0,“亲爱的神主，请赐予我生命与死亡，请赐予我永恒与毁灭。”,5,3100,,,,,,,,,,,,,,,,
20301,5,1,一位赤裸着身体的天使跪坐在你面前，正虔诚地低下头，伸出双手等待着你的【赐福】。,0,3100,,,,,,,,,,,,,,,,
20302,1,1,“万物的本质皆是痛苦，【痛】为警示，【苦】为常态。”,2,3100,,,,,,,,,,,,,,,,
20302,2,1,你听到自己这样说道，将大量【清醒的痛苦】与少量【沉沦的甜蜜】混合。,3,3100,,,,,,,,,,,,,,,,
20302,3,1,眼前的天使接受了你的【赐福】，一阵柔和的光包裹住她。,4,3100,,,,,,,,,,,,,,,,
20302,4,1,光芒褪去后，她变成一位披着黑袍的老婆婆，手中拿着一个黑色苹果。,5,3100,,,,,,,,,,,,,,,,
20302,5,1,“咳咳......谢谢亲爱的神主......”,0,3100,,,,,,,,,,,,,,,,
20303,1,1,“万物皆为体验生命的美妙而来，死亡与毁灭只是【甜蜜】的代价。”,2,3100,,,,,,,,,,,,,,,,
20303,2,1,你听到自己这样说道，将少量【清醒的痛苦】与大量【沉沦的甜蜜】混合。,3,3100,,,,,,,,,,,,,,,,
20303,3,1,眼前的天使接受了你的【赐福】，一阵柔和的光包裹住她。,4,3100,,,,,,,,,,,,,,,,
20303,4,1,光芒褪去后，她变成一位披着黑袍的粉发小女孩，扛着一把比她大许多倍的镰刀。,5,3100,,,,,,,,,,,,,,,,
20303,5,1,“谢谢你呀！亲爱的神主！”,0,3100,,,,,,,,,,,,,,,,
20304,1,1,什么生命与死亡、永恒与毁灭，你听得头都大了。,2,3100,,,,,,,,,,,,,,,,
20304,2,1,你想到当初在某本书上看到的治疗噩梦的偏方。,3,3100,,,,,,,,,,,,,,,,
20304,3,1,下定决心后，你狠狠地给自己来了一巴掌。,4,3100,,,,,,,,,,,,,,,,
20304,4,1,疼痛让你瞬间清醒过来。,5,3100,,,,,,,,,,,,,,,,
20304,5,1,熟悉的环境让你长舒一口气。,0,3100,,,,,,,,,,,,,,,,
20311,1,1,你的面前有两面镜子。,2,3200,,,,,,,,,,,,,,,,
20311,2,0,第一面镜子中是一位纯洁的天使，浅金色的眼睛温柔地凝视着你。,3,3200,,,,,,,,,,,,,,,,
20311,3,0,第二面镜子中是一位邪恶的恶魔，深红色的竖瞳不屑地看你一眼便移开。,0,3200,,,,,,,,,,,,,,,,
20312,1,1,你伸出手触碰第一面镜子。,2,3200,,,,,,,,,,,,,,,,
20312,2,1,温暖的光芒包裹了你，你感到内心的矛盾与痛苦逐渐平息，仿佛一切都归于和谐。,3,3200,,,,,,,,,,,,,,,,
20312,3,1,但渐渐地，你发现自己无法再区分喜悦与悲伤，直到对所有情绪都失去了感知。,4,3200,,,,,,,,,,,,,,,,
20312,4,1,最终，你成为一具只懂得平衡的空壳，失去了真正的自我。,0,3200,,,,,,,,,,,,,,,,
20313,1,1,你伸出手触碰第二面镜子。,2,3200,,,,,,,,,,,,,,,,
20313,2,1,炽热的火焰将你吞噬，你获得了强大的力量，但这种力量源于你的痛苦。,3,3200,,,,,,,,,,,,,,,,
20313,3,1,每次使用时，你都会感到自己的灵魂正在被撕裂。,4,3200,,,,,,,,,,,,,,,,
20313,4,1,恶魔发现了你的抗拒。,5,3200,,,,,,,,,,,,,,,,
20313,5,1,“你的灵魂早已残缺不堪，永远无法摆脱我！”,0,3200,,,,,,,,,,,,,,,,
20321,1,0,你收到了一封没有署名的邀请函，上面只有一个地址和两个字——“欲望”。,2,3300,,,,,,,,,,,,,,,,
20321,2,1,顺着信中的地址，你来到一家地下酒吧。,3,3300,,,,,,,,,,,,,,,,
20321,3,1,酒吧里挤满了舞动身躯的男男女女，吧台的侍者看到你后向你招手致意。,4,3300,,,,,,,,,,,,,,,,
20321,4,1,“尊贵的客人，要来杯店里的招牌吗？”,0,3300,,,,,,,,,,,,,,,,
20322,1,1,你点点头坐下，侍者转身开始制作，不久后将一杯深红色的液体推向你。,2,3300,,,,,,,,,,,,,,,,
20322,2,1,“这是本店的招牌，欲望枷锁。”,3,3300,,,,,,,,,,,,,,,,
20322,3,1,你看向酒杯的眼神变得呆滞，毫不犹豫地一饮而尽。,4,3300,,,,,,,,,,,,,,,,
20322,4,1,侍者不知何时走到你的身后，牵起你的手走向舞池中央。,5,3300,,,,,,,,,,,,,,,,
20322,5,1,你的意识逐渐清醒，但身躯却不受控制地跟着侍者开始舞动。,6,3300,,,,,,,,,,,,,,,,
20322,6,1,你惊恐地发现，周围舞动的人群脸上全是病态的潮红，看向侍者的眼中满是欲望。,0,3300,,,,,,,,,,,,,,,,
20323,1,1,你拒绝了侍者，眼前的笑脸突然僵住。,2,3300,,,,,,,,,,,,,,,,
20323,2,1,“喝酒伤身体，给我一杯牛奶就好。”,3,3300,,,,,,,,,,,,,,,,
20323,3,1,侍者脸上的笑容消失了，但还是态度极好地为你递上一杯牛奶。,4,3300,,,,,,,,,,,,,,,,
20323,4,1,一夜过去，你把这家酒吧里非酒类的饮品全部喝了一遍。,5,3300,,,,,,,,,,,,,,,,
20323,5,1,在送你离开时，侍者的眼中满是无语。,0,3300,,,,,,,,,,,,,,,,
20331,1,1,你的面前有两扇门。,2,3400,,,,,,,,,,,,,,,,
20331,2,0,第一扇门上标注着“取之不尽用之不竭的财富”。,3,3400,,,,,,,,,,,,,,,,
20331,3,0,第二扇门上标注着“至高无上无人可敌的权利”。,0,3400,,,,,,,,,,,,,,,,
20332,1,1,推开第一扇门前你觉得多犹豫一秒都是对钱的不尊重。,2,3400,,,,,,,,,,,,,,,,
20332,2,1,推开第一扇门后你立马意识到自己被骗了。,3,3400,,,,,,,,,,,,,,,,
20332,3,1,眼前确实是成堆的金银珠宝，但这明显不是无主的财富。,4,3400,,,,,,,,,,,,,,,,
20332,4,1,蹲守在财报山上的巨龙低吼着向你俯冲而来，你拽起最近的一把金项链立马往回跑。,5,3400,,,,,,,,,,,,,,,,
20332,5,1,在巨龙抓到你的前一秒顺利关上门。,0,3400,,,,,,,,,,,,,,,,
20333,1,1,没有人能拒绝权利，你推开了第二扇门。,2,3400,,,,,,,,,,,,,,,,
20333,2,1,你发现自己变成了一位国王。,3,3400,,,,,,,,,,,,,,,,
20333,3,1,但你还没来得及行使自己的权利，就被送上了断头台。,4,3400,,,,,,,,,,,,,,,,
20333,4,1,砍刀落下的那一刻，你有点后悔没有选择财富。,0,3400,,,,,,,,,,,,,,,,
20341,1,1,暴风雨中伫立着一座高塔。,2,3500,,,,,,,,,,,,,,,,
20341,2,1,你推开门走进塔中。,3,3500,,,,,,,,,,,,,,,,
20341,3,1,盘旋而上的木质楼梯残破不堪，似乎一踩上去就会断掉。,4,3500,,,,,,,,,,,,,,,,
20341,4,0,高塔似乎意识到你的到来，楼梯边的烛火接连亮起。,0,3500,,,,,,,,,,,,,,,,
20342,1,1,你决定爬上去看看。,2,3500,,,,,,,,,,,,,,,,
20342,2,1,爬了几分钟后，你意识到不对劲，身后的烛火开始熄灭，死亡的气息隐藏在黑暗中向你袭来。,3,3500,,,,,,,,,,,,,,,,
20342,3,1,你不敢停留，加速向上跑去。,4,3500,,,,,,,,,,,,,,,,
20342,4,1,你气喘吁吁地爬上塔顶，身后的黑暗快速褪去。,5,3500,,,,,,,,,,,,,,,,
20342,5,1,塔顶有一架钢琴，钢琴上放着一张乐谱。,0,3500,,,,,,,,,,,,,,,,
20343,1,1,你席地而坐，决定等暴风雨结束就离开。,2,3500,,,,,,,,,,,,,,,,
20343,2,1,不知等了多久，你迷迷糊糊地睡了过去。,3,3500,,,,,,,,,,,,,,,,
20343,3,1,再次醒来时，你发现自己坐在塔外，暴风雨早已结束。,0,3500,,,,,,,,,,,,,,,,
20351,1,1,暴风雨中伫立着一座高塔。,2,3600,,,,,,,,,,,,,,,,
20351,2,1,你推开门走进塔中。,3,3600,,,,,,,,,,,,,,,,
20351,3,1,进入塔内后，你发现自己正站在阶梯上，门在你进入的一瞬间消失。,4,3600,,,,,,,,,,,,,,,,
20351,4,1,不管向上看还是向下看，你都无法看到阶梯的尽头。,0,3600,,,,,,,,,,,,,,,,
20352,1,1,你决定向上走。,2,3600,,,,,,,,,,,,,,,,
20352,2,1,不久后，你闻到一股花香，每走一步脚边都会盛开几朵不知名的白色小花。,3,3600,,,,,,,,,,,,,,,,
20352,3,1,不知走了多久，你终于走到了塔顶。,4,3600,,,,,,,,,,,,,,,,
20352,4,1,塔顶的房间种满了鲜花，花丛中放着一把小提琴和一张乐谱。,0,3600,,,,,,,,,,,,,,,,
20353,1,1,你决定向下走。,2,3600,,,,,,,,,,,,,,,,
20353,2,1,不久后你发现你回到了原点，身后出现一扇门。,3,3600,,,,,,,,,,,,,,,,
20353,3,1,推开门后你回到了塔外，暴风雨早已结束。,0,3600,,,,,,,,,,,,,,,,
20361,1,1,小镇上流传着这样一个传说。,2,3700,,,,,,,,,,,,,,,,
20361,2,1,每当日月交错之时，神明会派遣许愿星降落人间。,3,3700,,,,,,,,,,,,,,,,
20361,3,0,只要在日月回归正轨前将愿望写在纸上折成小船，待许愿星出现后，神明会收走所有写有愿望的纸船，并在来年实现所有的愿望。,4,3700,,,,,,,,,,,,,,,,
20361,4,1,据住在镇头的女巫预言，下一个月圆之夜就是日月交错之时。,5,3700,,,,,,,,,,,,,,,,
20361,5,1,镇民们热情地邀请你一起去折愿望纸船。,0,3700,,,,,,,,,,,,,,,,
20362,1,1,先不说是否真的有许愿星存在。,2,3700,,,,,,,,,,,,,,,,
20362,2,1,日月交错怎么想都不会在晚上。,3,3700,,,,,,,,,,,,,,,,
20362,3,1,看着兴奋的镇民和满怀期待的孩子们，你没有直接拒绝。,4,3700,,,,,,,,,,,,,,,,
20362,4,1,在大家专注折纸船时，你悄悄地离开了。,0,3700,,,,,,,,,,,,,,,,
20363,1,1,你特意挑了一张最大的纸，将自己的愿望全写了上去。,2,3700,,,,,,,,,,,,,,,,
20363,2,1,同行的镇民好奇地看了一眼，发现上面密密麻麻写满了字，而你还在努力找缝隙写上更多字。,3,3700,,,,,,,,,,,,,,,,
20363,3,1,在镇民们震惊的眼神中，你不好意思地挠挠头，把正反全是字的纸折成小船。,4,3700,,,,,,,,,,,,,,,,
20363,4,1,可惜因为墨水太多，这艘承载你所有愿望的小船一入水就沉入湖底。,5,3700,,,,,,,,,,,,,,,,
20363,5,1,住在镇头的女巫听说这件事后，嘲笑了你很久。,0,3700,,,,,,,,,,,,,,,,
20371,1,1,森林深处有一处星光祭坛，传说在月圆之夜找到祭坛的人将会获得永恒的生命。,2,3800,,,,,,,,,,,,,,,,
20371,2,1,在一个月圆之夜，你迷路后凑巧找到了这里。,3,3800,,,,,,,,,,,,,,,,
20371,3,1,祭坛中央悬浮着一颗六角星。,4,3800,,,,,,,,,,,,,,,,
20371,4,1,“幸运的旅者，说出你的愿望。”,0,3800,,,,,,,,,,,,,,,,
20372,1,1,你说想要找到回去的路。,2,3800,,,,,,,,,,,,,,,,
20372,2,1,“......”,3,3800,,,,,,,,,,,,,,,,
20372,3,1,似乎是没想到你的愿望如此朴实无华，那道声音诡异地沉默了一瞬。,4,3800,,,,,,,,,,,,,,,,
20372,4,1,“当然可以，但你要付出等量的代价。”,5,3800,,,,,,,,,,,,,,,,
20372,5,1,你有些无语，转身准备离开。,6,3800,,,,,,,,,,,,,,,,
20372,6,1,“等等！我不收代价了直接送你离开总行了吧！”,7,3800,,,,,,,,,,,,,,,,
20372,7,1,那声音有些着急，比起免费实现你一个简单到不能再简单的愿望，它显然更怕你出去后乱说败坏它的名声。,8,3800,,,,,,,,,,,,,,,,
20372,8,1,你恍惚了一下，回过神后已经回到了森林边缘。,0,3800,,,,,,,,,,,,,,,,
20373,1,1,你好奇地凑近那颗六角星，发现那颗星星中有一簇蓝色的火焰。,2,3800,,,,,,,,,,,,,,,,
20373,2,1,“人类！谁允许你靠近我了！”,3,3800,,,,,,,,,,,,,,,,
20373,3,1,那声音听着有些生气，但对你而言没有任何杀伤力。,4,3800,,,,,,,,,,,,,,,,
20373,4,1,被星星封存的火焰，你在一本古籍上见过。,5,3800,,,,,,,,,,,,,,,,
20373,5,1,这簇火焰是上古众神陨落后，由各自灵魂中最纯净的部分聚集而成。,6,3800,,,,,,,,,,,,,,,,
20373,6,1,“人类，你要干什么！！！”,7,3800,,,,,,,,,,,,,,,,
20373,7,1,你不顾那声音的抗拒，将六角星放入背包中，准备带回去研究。,0,3800,,,,,,,,,,,,,,,,
20381,1,1,你在一片向日葵田中醒来，柔和的阳光透过头顶花海的缝隙照在你的脸上。,2,3900,,,,,,,,,,,,,,,,
20381,2,1,你站起身来，发现不远处立着一面红色旗帜，气质上印着太阳的标志。,3,3900,,,,,,,,,,,,,,,,
20381,3,0,越是靠近旗帜，内心越是躁动。,4,3900,,,,,,,,,,,,,,,,
20381,4,1,旗帜下跪卧着一匹白马，它看到你的靠近，温顺地低下头示意你骑上它。,0,3900,,,,,,,,,,,,,,,,
20382,1,1,你遵从内心的指引，骑上了白马。,2,3900,,,,,,,,,,,,,,,,
20382,2,1,眼前无尽的向日葵花海中逐渐出现一条路，道路尽头是一面更大的旗帜。,3,3900,,,,,,,,,,,,,,,,
20382,3,1,你感受到一种从未有过的激动，策马向前方奔去。,0,3900,,,,,,,,,,,,,,,,
20383,1,1,你跪坐在白马身边，透过它的眼睛，你似乎看到了过去的自己。,2,3900,,,,,,,,,,,,,,,,
20383,2,1,你闭上双眼，靠在它身边再次睡去，内心充满平静。,0,3900,,,,,,,,,,,,,,,,
20391,1,1,你站在一片废墟中，废墟中央悬浮着一个巨大的日轮。,2,4000,,,,,,,,,,,,,,,,
20391,2,1,日轮缓缓旋转，柔和的光芒驱散周边的黑暗。,3,4000,,,,,,,,,,,,,,,,
20391,3,1,但废墟之外仍旧是无尽的黑暗。,4,4000,,,,,,,,,,,,,,,,
20391,4,0,你走近日轮，发现日轮中间有一个人在不停地走动，从而驱动日轮旋转。,5,4000,,,,,,,,,,,,,,,,
20391,5,1,那个人察觉到你的到来，开心地哭出来。,6,4000,,,,,,,,,,,,,,,,
20391,6,1,“请您救救我，我被黑暗困在日轮里，只要我一停下，黑暗就要吞噬我。”,7,4000,,,,,,,,,,,,,,,,
20391,7,1,“求您替我走上几圈，我只求歇一歇打个盹儿就好。”,8,4000,,,,,,,,,,,,,,,,
20392,1,1,那人眼中除了疲惫还有不坏好意。,2,4000,,,,,,,,,,,,,,,,
20392,2,1,你一眼就看出这人心里打得什么算盘，只要你答应，他立刻就会弃你而去。,3,4000,,,,,,,,,,,,,,,,
20392,3,1,若你动了不必要的善心，等待你的将是无尽的惩罚。,4,4000,,,,,,,,,,,,,,,,
20392,4,1,你转头想要寻找回去的方法，那人的声音却扭曲起来。,5,4000,,,,,,,,,,,,,,,,
20392,5,1,“凭什么.......拒绝我......不允许......不允许！！！”,0,4000,,,,,,,,,,,,,,,,
20393,1,1,你看他实在可怜，于是答应替他走上几圈。,2,4000,,,,,,,,,,,,,,,,
20393,2,1,他十分感动，几乎是一沾地倒头就睡。,3,4000,,,,,,,,,,,,,,,,
20393,3,1,几小时后，你有些走不动了，想要叫醒他。,4,4000,,,,,,,,,,,,,,,,
20393,4,1,但他只是翻了个身，并没搭理你。,5,4000,,,,,,,,,,,,,,,,
20393,5,1,你终于意识到自己上当了。,0,4000,,,,,,,,,,,,,,,,
20401,1,1,你的面前坐着一位淑女，她正微笑着看向你。,2,4200,,,,,,,,,,,,,,,,
20401,2,1,“我们又见面了，年轻的旅者。”,3,4200,,,,,,,,,,,,,,,,
20401,3,1,你有些疑惑，你很确信自己没有见过她。,4,4200,,,,,,,,,,,,,,,,
20401,4,1,“这是你第362次不记得我了，不过没关系。”,5,4200,,,,,,,,,,,,,,,,
20401,5,0,淑女递给你一个骰子，骰子上的每一面都是空白的。,6,4200,,,,,,,,,,,,,,,,
20401,6,0,接过骰子后，你总有一种投掷它的冲动。,7,4200,,,,,,,,,,,,,,,,
20401,7,1,“那么，请开始你的第363次投掷吧。”,0,4200,,,,,,,,,,,,,,,,
20402,1,1,这分明是你第一次见到这位淑女，也是你第一次投掷骰子。,2,4200,,,,,,,,,,,,,,,,
20402,2,1,但你熟练得仿佛做过很多次一样。,3,4200,,,,,,,,,,,,,,,,
20402,3,1,这让你觉得有些莫名其妙。,4,4200,,,,,,,,,,,,,,,,
20402,4,1,回过神时，骰子已经重新落回你的手中，面向你的骰面上出现一个数字，是363。,5,4200,,,,,,,,,,,,,,,,
20402,5,1,“看来又是一次无用的投掷。”,6,4200,,,,,,,,,,,,,,,,
20402,6,1,淑女站起身，从你摊开的右手手心中拿回骰子，用另一只手摆出射击的姿势抵住你的额头。,7,4200,,,,,,,,,,,,,,,,
20402,7,1,“那么，下次再见啦！”,0,4200,,,,,,,,,,,,,,,,
20403,1,1,你下意识躲开，直觉告诉你如果你不躲开会错过什么。,2,4200,,,,,,,,,,,,,,,,
20403,2,1,淑女有些惊讶，随后开心地大笑起来。,3,4200,,,,,,,,,,,,,,,,
20403,3,1,“看来这一次的失败和以往会有些不一样。”,4,4200,,,,,,,,,,,,,,,,
20403,4,1,她将骰子吞下，递给你一个木盒。,5,4200,,,,,,,,,,,,,,,,
20403,5,1,“我这里有两个好玩的小玩意儿，一个是来自过去，一个来自未来。”,6,4200,,,,,,,,,,,,,,,,
20403,6,1,“做出选择，然后打开木盒。”,7,4200,,,,,,,,,,,,,,,,
20403,7,1,“希望下次再见时，你能投出令我满意的结果。”,0,4200,,,,,,,,,,,,,,,,
20404,1,1,你在心中默念【来自过去】，随后打开木盒。,2,4200,,,,,,,,,,,,,,,,
20404,2,1,木盒中静静地躺着一把钥匙。,0,4200,,,,,,,,,,,,,,,,
20405,1,1,你在心中默念【来自未来】，随后打开木盒。,2,4200,,,,,,,,,,,,,,,,
20405,2,1,木盒中静静地躺着一拼药剂。,0,4200,,,,,,,,,,,,,,,,
20406,1,1,你的潜意识告诉你现在该闭上双眼了。,2,4200,,,,,,,,,,,,,,,,
20406,2,1,事实上你也这么做了。,3,4200,,,,,,,,,,,,,,,,
20406,3,1,不知过了多久，你再次睁开双眼，淑女早已消失。,4,4200,,,,,,,,,,,,,,,,
20406,4,1,而你的右手中依旧握着那枚骰子。,0,4200,,,,,,,,,,,,,,,,
20411,1,1,你误入了一间奇怪的画室，这间画室里摆满了盖着黑布的画架。,2,4300,,,,,,,,,,,,,,,,
20411,2,0,厚重的窗帘遮挡住所有的阳光，画室里唯一的光源是角落的一盏油灯。,3,4300,,,,,,,,,,,,,,,,
20411,3,1,你向光源走去，黑暗中被什么东西绊倒。,0,4300,,,,,,,,,,,,,,,,
20412,1,1,你摔了个大跤。,2,4300,,,,,,,,,,,,,,,,
20412,2,1,手肘撑住地好不容易稳住身体，起身时不慎撞到一幅画架。,3,4300,,,,,,,,,,,,,,,,
20412,3,1,身边的画架像多米诺骨牌一样接连倒下，闷响声接连不断响起。,4,4300,,,,,,,,,,,,,,,,
20412,4,1,你骂骂咧咧地向门口走去。,5,4300,,,,,,,,,,,,,,,,
20412,5,1,正要离开时，不知哪里吹来一阵风，木门狠狠一砸夹住了你的左手。,0,4300,,,,,,,,,,,,,,,,
20413,1,1,你摔了个大跤。,2,4300,,,,,,,,,,,,,,,,
20413,2,1,稳住身体后开始观察害你负伤的“罪魁祸首”。,3,4300,,,,,,,,,,,,,,,,
20413,3,1,画架上的布不知何时滑落，画布上的画突然泛起红光。,4,4300,,,,,,,,,,,,,,,,
20413,4,1,你的手不受控制地向前伸去。,5,4300,,,,,,,,,,,,,,,,
20413,5,1,在手指接触到画布的一瞬间，一股强大的吸力将你吸入画中。,0,4300,,,,,,,,,,,,,,,,
20414,1,1,你猛地睁开眼，发现自己还保持着跌坐在地的姿势。,2,4300,,,,,,,,,,,,,,,,
20414,2,1,画室里除了你空无一物，厚重的窗帘不知何时被拉开，大片阳光倾泻而下。,3,4300,,,,,,,,,,,,,,,,
20414,3,1,可手边的黑布让你无比确信刚刚的一切都是真实发生的。,4,4300,,,,,,,,,,,,,,,,
20414,4,1,你感到一阵后怕，火速站起身离开。,0,4300,,,,,,,,,,,,,,,,
20421,1,1,你在一片虚无中醒来，面前悬浮着一面镜子。,2,4400,,,,,,,,,,,,,,,,
20421,2,0,【是时候开始进行审判了。】,3,4400,,,,,,,,,,,,,,,,
20421,3,1,你听到镜子里的你说道。,4,4400,,,,,,,,,,,,,,,,
20421,4,1,【你是否已经认识到自己的罪过？】,0,4400,,,,,,,,,,,,,,,,
20422,1,1,镜子中的你笑了起来，面容逐渐扭曲。,2,4400,,,,,,,,,,,,,,,,
20422,2,1,【很好，很好。】,3,4400,,,,,,,,,,,,,,,,
20422,3,1,【你是否已经认识到这些罪过永远无法清除？】,0,4400,,,,,,,,,,,,,,,,
20423,1,1,镜子中的你哭了起来，似乎在为你的执迷不悟感到难过。,2,4400,,,,,,,,,,,,,,,,
20423,2,1,【为什么......为什么认识不到呢......】,3,4400,,,,,,,,,,,,,,,,
20423,3,1,你感到大脑深处传来一阵阵难以忍耐的刺痛。,4,4400,,,,,,,,,,,,,,,,
20423,4,1,你清晰地感知到自己的记忆正在被篡改。,5,4400,,,,,,,,,,,,,,,,
20423,5,1,好痛。,6,4400,,,,,,,,,,,,,,,,
20423,6,1,【好痛。】,7,4400,,,,,,,,,,,,,,,,
20423,7,1,镜子中的你怜悯地看着你，没有感情地念出你心中所想。,8,4400,,,,,,,,,,,,,,,,
20423,8,1,【那么，现在，你是否已经认识到自己的罪过?】,0,4400,,,,,,,,,,,,,,,,
20424,1,1,【当然，当然。】,2,4400,,,,,,,,,,,,,,,,
20424,2,1,【罪恶已然滋生，无论如何补救都无法挽回。】,3,4400,,,,,,,,,,,,,,,,
20424,3,1,镜子中的你显然很满意你的回答。,4,4400,,,,,,,,,,,,,,,,
20424,4,1,【但我已感受到你的悔过。】,5,4400,,,,,,,,,,,,,,,,
20424,5,1,【神已原谅你的一切。】,0,4400,,,,,,,,,,,,,,,,
20425,1,1,【为何要执迷不悟？】,2,4400,,,,,,,,,,,,,,,,
20425,2,1,镜中的你深深地叹了一口气。,3,4400,,,,,,,,,,,,,,,,
20425,3,1,你看到镜中出现一双红色的翅膀。,4,4400,,,,,,,,,,,,,,,,
20425,4,1,下一秒，翅膀上的羽毛穿过镜面向你袭来。,0,4400,,,,,,,,,,,,,,,,
20426,1,1,镜子中的你笑了起来，面容逐渐扭曲。,2,4400,,,,,,,,,,,,,,,,
20426,2,1,【很好，很好。】,3,4400,,,,,,,,,,,,,,,,
20426,3,1,【愿神保佑你。】,4,4400,,,,,,,,,,,,,,,,
20426,4,1,留下这么一句没头没尾的话之后，镜中的一切归于虚无。,0,4400,,,,,,,,,,,,,,,,
20427,1,1,镜子中的你突然大笑起来，并没有像之前一样对你施展精神攻击。,2,4400,,,,,,,,,,,,,,,,
20427,2,1,【审判结束。】,3,4400,,,,,,,,,,,,,,,,
20427,3,1,【神审判你无罪。】,4,4400,,,,,,,,,,,,,,,,
20427,4,1,镜中的你满意地点点头。,5,4400,,,,,,,,,,,,,,,,
20427,5,1,【我本无罪。】,6,4400,,,,,,,,,,,,,,,,
20427,6,1,【神本无罪。】,0,4400,,,,,,,,,,,,,,,,
20431,1,1,水手们与一只章鱼的触手打的有来有往，看上去是章鱼拖住了船。,2,0100,,,,,,,,,,,,,,,,
20431,2,0,虽然船帆全部展开，但是依旧无法摆脱大章鱼的纠缠。,3,0100,,,,,,,,,,,,,,,,
20431,3,1,一个水手见到路过的你急忙喊话求救。,4,0100,,,,,,,,,,,,,,,,
20431,4,1,但是那个章鱼看起来似乎并不好惹........,0,0100,,,,,,,,,,,,,,,,
20432,1,1, 为什么不呢？,2,0100,,,,,,,,,,,,,,,,
20432,2,1,这个可恶的章鱼挡住自己的路了！,0,0100,,,,,,,,,,,,,,,,
20433,1,1,面对这种不清楚底细的敌人还是谨慎为妙。,2,0100,,,,,,,,,,,,,,,,
20433,2,1,而且看起来章鱼也没有强大到能彻底摧毁船只。,3,0100,,,,,,,,,,,,,,,,
20433,3,1,如此想着，你离开了这里。,0,0100,,,,,,,,,,,,,,,,
20441,1,1,前方的道路分成了两条，一个巨大的老树精生长在道路的路口处。,2,0200,,,,,,,,,,,,,,,,
20441,2,0,“这里有两条路，一条是错误的道路，另一条也是错误的道路。”,3,0200,,,,,,,,,,,,,,,,
20441,3,1,“你要选择那一条呢？”,4,0200,,,,,,,,,,,,,,,,
20441,4,1,老树精开口问道。,0,0200,,,,,,,,,,,,,,,,
20442,1,1,“错误的选择。”,2,0200,,,,,,,,,,,,,,,,
20442,2,1,老树精摇了摇头，带着惋惜的语气说道。,3,0200,,,,,,,,,,,,,,,,
20442,3,1,老树精摇了摇头，带着惋惜的语气说道。“年轻人还是太年轻，你会后悔的。”,0,0200,,,,,,,,,,,,,,,,
20443,1,1,“错误的选择。”,2,0200,,,,,,,,,,,,,,,,
20443,2,1,老树精摇了摇头，带着惋惜的语气说道。,3,0200,,,,,,,,,,,,,,,,
20443,3,1,老树精摇了摇头，带着惋惜的语气说道。“年轻人还是太年轻，你会后悔的。”,0,0200,,,,,,,,,,,,,,,,
20444,1,1,老树精的语气让人非常不爽。,1,0200,,,,,,,,,,,,,,,,
20444,2,1,凭什么说所有道路都是错误的？,2,0200,,,,,,,,,,,,,,,,
20444,3,1,它又走过多远的道路呢？,3,0200,,,,,,,,,,,,,,,,
20444,4,1,你觉得教训教训这个喜欢教训别人的老树精。,4,0200,,,,,,,,,,,,,,,,
20451,1,1,时间仿佛停滞了。,2,1111,,,,,,,,,,,,,,,,
20451,2,1,你感觉自己所在的身体陷入了粘稠的液体中。,3,1111,,,,,,,,,,,,,,,,
20451,3,0,前方的空间发生了复制和扭曲，你似乎在眼前看到了一张笑脸。,4,1111,,,,,,,,,,,,,,,,
20451,4,1,但是一眨眼间，所以的异常又消失了，像是从来没发生过。,5,1111,,,,,,,,,,,,,,,,
20451,5,1,你的身体再次动了起来。,0,1111,,,,,,,,,,,,,,,,
20452,1,1,似乎是幻觉？,2,1111,,,,,,,,,,,,,,,,
20452,2,1,你的身体并没有因为异像停下来，而是继续前进。,0,1111,,,,,,,,,,,,,,,,